<?xml version="1.0" encoding="utf-8"?>
<content_type_fields>
  <field content_type="taylorj_blogs_blog_post" field_name="alert_handler_class">TaylorJ\Blogs\Alert\BlogPost</field>
  <field content_type="taylorj_blogs_blog_post" field_name="attachment_handler_class">TaylorJ\Blogs\Attachment\BlogPost</field>
  <field content_type="taylorj_blogs_blog_post" field_name="entity">TaylorJ\Blogs:BlogPost</field>
  <field content_type="taylorj_blogs_blog_post" field_name="reaction_handler_class">TaylorJ\Blogs\Reaction\BlogPost</field>
  <field content_type="taylorj_blogs_blog_post" field_name="search_handler_class">TaylorJ\Blogs\Search\BlogPost</field>
</content_type_fields>
