{
    "src/addons/TaylorJ/Blogs/addon.json": "669275ec68f5c7edbd1e0990f34307e955f4e13afbd76a8ef40711a5f6e9a76a",
    "src/addons/TaylorJ/Blogs/Admin/Controller/Blogs.php": "0d0320007228fdc95e9c0e23d029ed7374e03d53321b5454289df7eef0fcc441",
    "src/addons/TaylorJ/Blogs/Alert/Blog.php": "f8671130a4bfaef9b2141a6733ff9f411ecb4f05251db3895df0869ee67fe8b2",
    "src/addons/TaylorJ/Blogs/Alert/BlogPost.php": "5502b5364398e046dc6d858063e4788ccaf56b6d5a23d6e4186bbdc8b3cae95f",
    "src/addons/TaylorJ/Blogs/ApprovalQueue/Blog.php": "5e9aac8d2316aeb40e0e8672baaa902259dab5baeebc83985cd9308ec0bef9d8",
    "src/addons/TaylorJ/Blogs/ApprovalQueue/BlogPost.php": "56d2f66b993c98cfa1b161b8c68c6187b6cbeebd6c5789c2b1bdeb55ef609c1a",
    "src/addons/TaylorJ/Blogs/Attachment/BlogPost.php": "886a688710b12b5cdda86c1462e13e820343d6330f45770f5750e977f784d003",
    "src/addons/TaylorJ/Blogs/Cron/BlogPost.php": "56208de2a824541a537f48cd56c1b4b768e59c137538e27cfe48fe44ed4353a4",
    "src/addons/TaylorJ/Blogs/EmbedResolver/BlogPostHandler.php": "53f34cd44b4a155052c2a397d53e4299060f4bb3df814faa67c6a677c09a2e43",
    "src/addons/TaylorJ/Blogs/Entity/Blog.php": "d4dc125398a41a6f6faef031f6a451520fb24c546895c4cb0f29aa4d794179a4",
    "src/addons/TaylorJ/Blogs/Entity/BlogPost.php": "0a0267cc0938bec9621d124278731986b16c5a86c60f54fd112cf4292b38cfa9",
    "src/addons/TaylorJ/Blogs/Entity/BlogWatch.php": "17cf4bdaff04fc9bbd6a0e45534efb5841704cf94891f26341cd0911790537db",
    "src/addons/TaylorJ/Blogs/Finder/BlogPost.php": "f1c880b28508735e6923470789a12b79f93e5957ae48a5046549961b898c4238",
    "src/addons/TaylorJ/Blogs/FindNew/BlogPosts.php": "ea9e962077d1e25f1275f71875e76f3dbf80124fe0c5729f10abb2a32376c4f5",
    "src/addons/TaylorJ/Blogs/Job/BlogPostThreadCreation.php": "3345f4d6a263232086f2477884c0face9394c52f7de9f9f3ccf415a4eed691c1",
    "src/addons/TaylorJ/Blogs/Job/PostBlogPost.php": "3461eb3b4375621ce25d918b07810ca9952ca6f6e10a7671d05003cccc7ba95a",
    "src/addons/TaylorJ/Blogs/LICENSE.txt": "a406579cd136771c705c521db86ca7d60a6f3de7c9b5460e6193a2df27861bde",
    "src/addons/TaylorJ/Blogs/Listener.php": "a0bbea2a6dbde1c1cb14f6b204d546e21e558927104991a2bc3e0030b31f4cef",
    "src/addons/TaylorJ/Blogs/Notifier/Blog/AbstractWatch.php": "20ac0f81a51aab6687f548c6063d128eb0ae95dc07b04ed8230942db1e7a21c7",
    "src/addons/TaylorJ/Blogs/Notifier/Blog/BlogWatch.php": "9158cda2373c5499e31e44ad2c93ef7ba22d29ceb0c26cb03381b6c3299ed37a",
    "src/addons/TaylorJ/Blogs/Option/AbstractOption.php": "ec2ff946f8c8f78290598c8e3883cc65689cfd933ad69f23e82354ec8316c5ef",
    "src/addons/TaylorJ/Blogs/Option/ForumChoiceAction.php": "0611ee6d7e85c01d0515aaf319f4a9d26f537122cf65979d74663ee3a4729c48",
    "src/addons/TaylorJ/Blogs/Pub/Controller/Author.php": "956d501cd2ecb4c7fdd6d054c382db7f88590aca0648c169f0e03c94b120b2cd",
    "src/addons/TaylorJ/Blogs/Pub/Controller/Blog.php": "8905fae2c2576e0ef7a68e3741b13ae5e448461848aec91acb2e902be0f4841a",
    "src/addons/TaylorJ/Blogs/Pub/Controller/BlogPost.php": "77dafc3cb2494adda4b2f0abd2317bda7e187b4fdb7b234f675883eea9402c8b",
    "src/addons/TaylorJ/Blogs/Pub/Controller/Blogs.php": "f29812c20b4d8edd1c80a47617430c2ff5e8e48f77503f9d1df6c27af0d7656d",
    "src/addons/TaylorJ/Blogs/Pub/Controller/WhatsNewBlogPosts.php": "b8e84da8a533e2d2d78b4dcf14295e35aa5c8f6bbfcc3a79f10cd0cef6ff3e36",
    "src/addons/TaylorJ/Blogs/Reaction/BlogPost.php": "e532fa0df3b82aafe137d7241ae0f9c9b961b92eb3e28f14ba72914d41e6a36b",
    "src/addons/TaylorJ/Blogs/README.md": "f76939e26d38a07592107407ba7c506706a872e9993b45ef3f37115c63287049",
    "src/addons/TaylorJ/Blogs/Report/BlogPostHandler.php": "a09c74e83639655357068eedcfbfb08c2de47b1e17a28ecd5e3cc22c49f75ffd",
    "src/addons/TaylorJ/Blogs/Repository/Blog.php": "a0063585db83acffe70a965b4737a41c841530d7fd3888e257db4bbcca9920a2",
    "src/addons/TaylorJ/Blogs/Repository/BlogPost.php": "9f1b4cb089ebd756164eba15fbfa30b4279f8d4daec2ea19d4b3de815b56092c",
    "src/addons/TaylorJ/Blogs/Repository/BlogWatch.php": "d01a9259a75cd70e7b62d9bc24d7e9e09436e7c1fd861df03c741245d3aff4b0",
    "src/addons/TaylorJ/Blogs/Search/Data/Blog.php": "b3890aa61e8dc8101e633773bb1ebf751ee52f20a3cf982b3277c8f86870b9ba",
    "src/addons/TaylorJ/Blogs/Search/Data/BlogPost.php": "c052ca9b40aebc7911713217942be65e31af66dc76feed5512ea8cd2c9708b64",
    "src/addons/TaylorJ/Blogs/Service/Blog/Approve.php": "48d6d48525c6cc0a045f1b4bef1f6cd42a7da8bcb3f882566b28cb64dcb704d0",
    "src/addons/TaylorJ/Blogs/Service/Blog/Create.php": "9512c36ddc28e00edacd9e1ef10ac0fe91f9c0dcbbf082570c6301657ca4d94d",
    "src/addons/TaylorJ/Blogs/Service/Blog/Edit.php": "0d428b2bc5e4e945fc84b64af442ecb432c2beaabdf37f7d7d68f9ef744a0e3e",
    "src/addons/TaylorJ/Blogs/Service/Blog/Notify.php": "171d4c2f2a3dd4a15ef2a3ca0ad44b51c1bccc8cc4149dc28f88540cb8f76d3a",
    "src/addons/TaylorJ/Blogs/Service/BlogPost/Approve.php": "07a48cbcfb4840555cc6adf281bf9a08f37c7feca3789a03eddefc472e73d183",
    "src/addons/TaylorJ/Blogs/Service/BlogPost/Create.php": "2050db51a5122836ddba9980520405c19d33513ecc5863c85654c768a8fe60a3",
    "src/addons/TaylorJ/Blogs/Service/BlogPost/Edit.php": "b03e588d5abe6ff6c2d256a4fd631a567fb8a3587ae03a7154e7abd3f4bb755f",
    "src/addons/TaylorJ/Blogs/Service/BlogPost/ThreadCreator.php": "d7d7daa966bbd65a1def516079afbf1a683668b898923b2dc670d430fa0734e6",
    "src/addons/TaylorJ/Blogs/Setup.php": "2a67f5494d25c35fe6340a137c466ab0cfb578d19623fb00a15c20bc8899bffc",
    "src/addons/TaylorJ/Blogs/Tag/BlogPost.php": "3fa55158db0212f9440c5eed4cdd5ddb7a712f5e994a40f28ed4d361014377a9",
    "src/addons/TaylorJ/Blogs/Template/TemplaterSetup.php": "2eb91f7a90ceec85e0257bb5eb8a20b8253157078d000cabcf9d6073b2887e8e",
    "src/addons/TaylorJ/Blogs/ThreadType/BlogPost.php": "95430f2846dc35d9adc216f9347f0014068f774c7d158bf5028965d05c18842d",
    "src/addons/TaylorJ/Blogs/Utils.php": "6ad91698ca1c8304a62ee6ea5f180be74c0d12b1ce166315d7ec970b8ea667c9",
    "src/addons/TaylorJ/Blogs/Widget/AbstractWidget.php": "0637bb0e2cbcf149da7cb10b032577eb48cc0b19f634ee2a1511be24a3828a12",
    "src/addons/TaylorJ/Blogs/Widget/LatestBlogPosts.php": "35947ba600306e9902c7a9a19a28b989d0d67f719a4f9922c7d613f7eeeb069a",
    "src/addons/TaylorJ/Blogs/XF/Entity/User.php": "3291d12914b6e46afb60028f7ec35a979b5a62e10749ce2b66565dd9b535471a",
    "src/addons/TaylorJ/Blogs/XF/ForumType/Discussion.php": "57c6386ebb723040d3589d4fa7776c6004049a958cefd809be78074800037adb",
    "src/addons/TaylorJ/Blogs/_data/activity_summary_definitions.xml": "99d8c2563a31320d66f958fc8bda78613545f5f7959bb3cf5318805e3a3c39d2",
    "src/addons/TaylorJ/Blogs/_data/admin_navigation.xml": "73734510f8ef0a038b9ebc494fb59597296f3afac090516522d858cb4779ad59",
    "src/addons/TaylorJ/Blogs/_data/admin_permission.xml": "ec6fb97cebf0bceb24f1ed1d5778c1db54eeb7535fbb3e31d824840e7aa9ff87",
    "src/addons/TaylorJ/Blogs/_data/advertising_positions.xml": "d2f7cbe844bb1df3cf878d22ff6306249245c8ff6b0b87b9b729744bec538261",
    "src/addons/TaylorJ/Blogs/_data/api_scopes.xml": "6793eaf758f140e8137187ba20e65f4faccf53410433ae3ad7a8b3b38cb6b3b7",
    "src/addons/TaylorJ/Blogs/_data/bb_codes.xml": "faa4ddd5f4a365e5ac39aebdcbe2d25aedf74e7eb9ea4a812766e2fd5e13bdb1",
    "src/addons/TaylorJ/Blogs/_data/bb_code_media_sites.xml": "29762987990187b33e43cfb68c08dc917b2d3f0176613d78f8e6c453f82da3f3",
    "src/addons/TaylorJ/Blogs/_data/class_extensions.xml": "b684e4288d34b9dcb1e4b39e65d63de6511dc74523cdff426802bd22a5ac164d",
    "src/addons/TaylorJ/Blogs/_data/code_events.xml": "8370dec3df47f91df4cf79da253446ad11b29f4ea568fe76c774e97a0379f0eb",
    "src/addons/TaylorJ/Blogs/_data/code_event_listeners.xml": "c38a99d2def2964edccdbb5041ca24ab3c87a0da6f282c5329e1e2b0b6c27706",
    "src/addons/TaylorJ/Blogs/_data/content_type_fields.xml": "cf4d52f1a0ce223a4763094790344d5f0fa9ffea5d360032e66d4e0f2966c641",
    "src/addons/TaylorJ/Blogs/_data/cron.xml": "17a72bf5d3b931ec0374303d870a5c460663b9919bef225d16cac981e541aacb",
    "src/addons/TaylorJ/Blogs/_data/help_pages.xml": "a8a0c0b06cdc550438bc8a8d385af3e1e5ab3459877dfb934c1c31be59c89163",
    "src/addons/TaylorJ/Blogs/_data/member_stats.xml": "f52932d883d4077b79cc2bf65e9cc3b074c49c3907b2a1b05be449e1acb16e8e",
    "src/addons/TaylorJ/Blogs/_data/navigation.xml": "268eb3cda40fc327d9cc52fc06a3cc8b243528887c61e5d5dafe89b5267e0487",
    "src/addons/TaylorJ/Blogs/_data/options.xml": "07d97c8fef531730dd71eb2933538ba175773ae029d41813586d436f598e2d9a",
    "src/addons/TaylorJ/Blogs/_data/option_groups.xml": "9d09087b785e62bfd4104488a773f02557ef985a8a41a1c2df65af675d6d23d4",
    "src/addons/TaylorJ/Blogs/_data/permissions.xml": "8d4c19ae35f6b22ab8d1bd129a26f97f4572653bdadff0c47349b959cfe1a072",
    "src/addons/TaylorJ/Blogs/_data/permission_interface_groups.xml": "a930b4c98bf594c0aea48c9e6f77f52ac6337f89471e1cae7731d47df868a114",
    "src/addons/TaylorJ/Blogs/_data/phrases.xml": "0afef851617392f99b6830041467eaab20c2b927809e760056d3323be370f7b6",
    "src/addons/TaylorJ/Blogs/_data/routes.xml": "2374b4061c26386b85465cbd739e16f4ebaf5c16c1a36731749eea1b687c7e68",
    "src/addons/TaylorJ/Blogs/_data/style_properties.xml": "8b8690a8512f01f219dd2da76e3d0c5f62afc1f317b87794a7331c859c36a7a8",
    "src/addons/TaylorJ/Blogs/_data/style_property_groups.xml": "68e1879cb3846c42d978487aa8d5145ff3335fc39e58016878824d5cf3fd684c",
    "src/addons/TaylorJ/Blogs/_data/templates.xml": "4ae45a1fbf08f4020d1e07cf7718366005c82ae036cb28bb661bc55d66391f63",
    "src/addons/TaylorJ/Blogs/_data/template_modifications.xml": "eacf7b4e1a194281b925db1c759fdc9e8f747740652c44c6ceec4ee956c672c9",
    "src/addons/TaylorJ/Blogs/_data/widget_definitions.xml": "8b1c37cb3d7e53851974cd5019e02bfdfe21c7696e48d1204e39418bdb39c456",
    "src/addons/TaylorJ/Blogs/_data/widget_positions.xml": "a29cee66134f6bc5d75ed9df1eef21096c24401915c5b5c774389c3d7bb2d5b3"
}