{
    "src/addons/TaylorJ/Blogs/addon.json": "940519b46d6c79794f2deb69fd0012b1f0f359aa9072d9062e0cbccac3904ae5",
    "src/addons/TaylorJ/Blogs/Admin/Controller/Blogs.php": "0d0320007228fdc95e9c0e23d029ed7374e03d53321b5454289df7eef0fcc441",
    "src/addons/TaylorJ/Blogs/Alert/Blog.php": "f8671130a4bfaef9b2141a6733ff9f411ecb4f05251db3895df0869ee67fe8b2",
    "src/addons/TaylorJ/Blogs/Alert/BlogPost.php": "5502b5364398e046dc6d858063e4788ccaf56b6d5a23d6e4186bbdc8b3cae95f",
    "src/addons/TaylorJ/Blogs/ApprovalQueue/Blog.php": "5e9aac8d2316aeb40e0e8672baaa902259dab5baeebc83985cd9308ec0bef9d8",
    "src/addons/TaylorJ/Blogs/ApprovalQueue/BlogPost.php": "56d2f66b993c98cfa1b161b8c68c6187b6cbeebd6c5789c2b1bdeb55ef609c1a",
    "src/addons/TaylorJ/Blogs/Attachment/BlogPost.php": "886a688710b12b5cdda86c1462e13e820343d6330f45770f5750e977f784d003",
    "src/addons/TaylorJ/Blogs/Cron/Blog.php": "6a253efbb457a3efce3456c204861a0c63dd2e4e355ee94f797312d602c858de",
    "src/addons/TaylorJ/Blogs/Cron/BlogPost.php": "37c58ffe5c9fa1cc159492693ece6f04dca65abc309201890927c03cf1933bf4",
    "src/addons/TaylorJ/Blogs/Cron/SimilarBlogPosts.php": "413d752d224636e66904932d677d35f6efc5dfa132a26dfecb47aa0a6a16bb9b",
    "src/addons/TaylorJ/Blogs/EmbedResolver/BlogPostHandler.php": "53f34cd44b4a155052c2a397d53e4299060f4bb3df814faa67c6a677c09a2e43",
    "src/addons/TaylorJ/Blogs/Entity/Blog.php": "a0c8f35e5a2316cc6624ff45ab94248ebe66ebd3c12387e68045519eb2413c16",
    "src/addons/TaylorJ/Blogs/Entity/BlogPost.php": "231008ab48ff73f396f16c19382a30e6053faa4356063318125a12a7088b63a8",
    "src/addons/TaylorJ/Blogs/Entity/BlogPostSimilar.php": "3f58ad085fc8ec4d7fa41d6b7d3db5c9baaaeb5ec6199ffec6b6ac233abd3a8e",
    "src/addons/TaylorJ/Blogs/Entity/BlogWatch.php": "17cf4bdaff04fc9bbd6a0e45534efb5841704cf94891f26341cd0911790537db",
    "src/addons/TaylorJ/Blogs/Finder/BlogPost.php": "ded1a160690398f91c60f25b7125822d4ce98daadcee745b8adf0cef6e4f2fdf",
    "src/addons/TaylorJ/Blogs/FindNew/BlogPosts.php": "ea9e962077d1e25f1275f71875e76f3dbf80124fe0c5729f10abb2a32376c4f5",
    "src/addons/TaylorJ/Blogs/InlineMod/BlogPost.php": "5201a643ab8a2190b856faa3569f64c490ed7dc6b7cd190265b174c6f246a0e0",
    "src/addons/TaylorJ/Blogs/InlineMod/BlogPost/Delete.php": "0ad67f108135a4c03134b920a3c30ba6ec02ece1c6f71359ef45447c6a3fbf4b",
    "src/addons/TaylorJ/Blogs/Job/BlogPostThreadCreation.php": "3345f4d6a263232086f2477884c0face9394c52f7de9f9f3ccf415a4eed691c1",
    "src/addons/TaylorJ/Blogs/Job/CleanOldBlogPosts.php": "7b6b3dc849962ca81e15208a326fcac6781dd4a16943109792f45aaf88524547",
    "src/addons/TaylorJ/Blogs/Job/PostBlogPost.php": "3461eb3b4375621ce25d918b07810ca9952ca6f6e10a7671d05003cccc7ba95a",
    "src/addons/TaylorJ/Blogs/Job/SimilarBlogPosts.php": "60db063806bffcfa38897e87e97b5a16836e91ff2bbf3d06003f936ed3e20673",
    "src/addons/TaylorJ/Blogs/Job/UserBlogPostCountTotal.php": "9eb356cf214d3e2bd8ee6f2db7f91e545d5c92b5d0bcf649d5463b5deed0bb96",
    "src/addons/TaylorJ/Blogs/LICENSE.txt": "a406579cd136771c705c521db86ca7d60a6f3de7c9b5460e6193a2df27861bde",
    "src/addons/TaylorJ/Blogs/Listener.php": "a0bbea2a6dbde1c1cb14f6b204d546e21e558927104991a2bc3e0030b31f4cef",
    "src/addons/TaylorJ/Blogs/Notifier/Blog/AbstractWatch.php": "20ac0f81a51aab6687f548c6063d128eb0ae95dc07b04ed8230942db1e7a21c7",
    "src/addons/TaylorJ/Blogs/Notifier/Blog/BlogWatch.php": "9158cda2373c5499e31e44ad2c93ef7ba22d29ceb0c26cb03381b6c3299ed37a",
    "src/addons/TaylorJ/Blogs/Option/AbstractOption.php": "ec2ff946f8c8f78290598c8e3883cc65689cfd933ad69f23e82354ec8316c5ef",
    "src/addons/TaylorJ/Blogs/Option/ForumChoiceAction.php": "0611ee6d7e85c01d0515aaf319f4a9d26f537122cf65979d74663ee3a4729c48",
    "src/addons/TaylorJ/Blogs/Pub/Controller/Author.php": "2ad403a0c7a3917973171cc56488be8e30b3dfcd0768b7404c7c9c39e70203af",
    "src/addons/TaylorJ/Blogs/Pub/Controller/Blog.php": "0dfb12bb1ef078a87d5a97c863b88a64f30cf0cb70e56febe0279486663458aa",
    "src/addons/TaylorJ/Blogs/Pub/Controller/BlogPost.php": "f77a6c4a329604b5b147cd13705cfbcc8a5459e7cd4066df25e08c93ecde1250",
    "src/addons/TaylorJ/Blogs/Pub/Controller/Blogs.php": "80f20376613da4d39715e1bff17fed761b102eaf42ca2af784c7606309480835",
    "src/addons/TaylorJ/Blogs/Pub/Controller/WhatsNewBlogPosts.php": "b8e84da8a533e2d2d78b4dcf14295e35aa5c8f6bbfcc3a79f10cd0cef6ff3e36",
    "src/addons/TaylorJ/Blogs/Reaction/BlogPost.php": "e532fa0df3b82aafe137d7241ae0f9c9b961b92eb3e28f14ba72914d41e6a36b",
    "src/addons/TaylorJ/Blogs/README.md": "f34217cad350cb0d8daf26719982f3b9c58d925f2de46d8da62c9d597dd5bfd8",
    "src/addons/TaylorJ/Blogs/Report/BlogPostHandler.php": "a09c74e83639655357068eedcfbfb08c2de47b1e17a28ecd5e3cc22c49f75ffd",
    "src/addons/TaylorJ/Blogs/Repository/Blog.php": "5b1959cdd7a1503be84935a3c76d714aaa9fa203b3fbc4824bce89abb743a19e",
    "src/addons/TaylorJ/Blogs/Repository/BlogPost.php": "27b591b244b6f126ee8847948a23cc6bec427f9a61221082ae5b852b5cacd0e7",
    "src/addons/TaylorJ/Blogs/Repository/BlogWatch.php": "d01a9259a75cd70e7b62d9bc24d7e9e09436e7c1fd861df03c741245d3aff4b0",
    "src/addons/TaylorJ/Blogs/Search/Data/Blog.php": "b3890aa61e8dc8101e633773bb1ebf751ee52f20a3cf982b3277c8f86870b9ba",
    "src/addons/TaylorJ/Blogs/Search/Data/BlogPost.php": "c052ca9b40aebc7911713217942be65e31af66dc76feed5512ea8cd2c9708b64",
    "src/addons/TaylorJ/Blogs/Service/Blog/Approve.php": "48d6d48525c6cc0a045f1b4bef1f6cd42a7da8bcb3f882566b28cb64dcb704d0",
    "src/addons/TaylorJ/Blogs/Service/Blog/Create.php": "9512c36ddc28e00edacd9e1ef10ac0fe91f9c0dcbbf082570c6301657ca4d94d",
    "src/addons/TaylorJ/Blogs/Service/Blog/Delete.php": "7fd9f65df631d5c18191ff402534a8ec2db71a861ebadff0e96c0c0f11696403",
    "src/addons/TaylorJ/Blogs/Service/Blog/Edit.php": "773e3a1c9c00c1dbd5e1581cf2173f5a295257f773e70b85e20150238ff8bb6f",
    "src/addons/TaylorJ/Blogs/Service/Blog/Notify.php": "171d4c2f2a3dd4a15ef2a3ca0ad44b51c1bccc8cc4149dc28f88540cb8f76d3a",
    "src/addons/TaylorJ/Blogs/Service/BlogPost/Approve.php": "07a48cbcfb4840555cc6adf281bf9a08f37c7feca3789a03eddefc472e73d183",
    "src/addons/TaylorJ/Blogs/Service/BlogPost/Create.php": "bde5928371c8e57f5b9f418d0548b4799041c1f9ffde9883b30ee0af904de80b",
    "src/addons/TaylorJ/Blogs/Service/BlogPost/Delete.php": "f47db7af07cc0b5d680ecf598358a6e9542146a1c180b818f74a9b72b1be505c",
    "src/addons/TaylorJ/Blogs/Service/BlogPost/Edit.php": "14b8c39db3b8fb0facc0d895b5f4627f45202fbc43ac21a1253a8a9aeed5ca51",
    "src/addons/TaylorJ/Blogs/Service/BlogPost/ThreadCreator.php": "d7d7daa966bbd65a1def516079afbf1a683668b898923b2dc670d430fa0734e6",
    "src/addons/TaylorJ/Blogs/Setup.php": "08b7ebaec35024a6ad795acc37e695fce91f618b1dc01b6af97202864cb0090d",
    "src/addons/TaylorJ/Blogs/Tag/BlogPost.php": "3fa55158db0212f9440c5eed4cdd5ddb7a712f5e994a40f28ed4d361014377a9",
    "src/addons/TaylorJ/Blogs/Template/TemplaterSetup.php": "2eb91f7a90ceec85e0257bb5eb8a20b8253157078d000cabcf9d6073b2887e8e",
    "src/addons/TaylorJ/Blogs/ThreadType/BlogPost.php": "95430f2846dc35d9adc216f9347f0014068f774c7d158bf5028965d05c18842d",
    "src/addons/TaylorJ/Blogs/Utils.php": "03ddf82a354f287258b68cdba954552c43094c20b39851afd42f335643f282e7",
    "src/addons/TaylorJ/Blogs/Widget/AbstractWidget.php": "0637bb0e2cbcf149da7cb10b032577eb48cc0b19f634ee2a1511be24a3828a12",
    "src/addons/TaylorJ/Blogs/Widget/LatestBlogPosts.php": "35947ba600306e9902c7a9a19a28b989d0d67f719a4f9922c7d613f7eeeb069a",
    "src/addons/TaylorJ/Blogs/Widget/OtherAuthorBlogPosts.php": "9f32785029ee3616df84e7718d33bce11dce623913e9e2049664b9735cf9c0bf",
    "src/addons/TaylorJ/Blogs/Widget/SimilarBlogPosts.php": "0f37fe6c36b46384b9f4e6dbbb0ae92e89a8b1e67741440bd20d44703cb26b0a",
    "src/addons/TaylorJ/Blogs/XF/Entity/User.php": "1f1c4c7b9f1574ab21df55c66ea3fcf27ed2a6883db75acbe7fed5b5e3729d1a",
    "src/addons/TaylorJ/Blogs/XF/ForumType/Discussion.php": "57c6386ebb723040d3589d4fa7776c6004049a958cefd809be78074800037adb",
    "src/addons/TaylorJ/Blogs/_data/activity_summary_definitions.xml": "99d8c2563a31320d66f958fc8bda78613545f5f7959bb3cf5318805e3a3c39d2",
    "src/addons/TaylorJ/Blogs/_data/admin_navigation.xml": "73734510f8ef0a038b9ebc494fb59597296f3afac090516522d858cb4779ad59",
    "src/addons/TaylorJ/Blogs/_data/admin_permission.xml": "ec6fb97cebf0bceb24f1ed1d5778c1db54eeb7535fbb3e31d824840e7aa9ff87",
    "src/addons/TaylorJ/Blogs/_data/advertising_positions.xml": "d2f7cbe844bb1df3cf878d22ff6306249245c8ff6b0b87b9b729744bec538261",
    "src/addons/TaylorJ/Blogs/_data/api_scopes.xml": "6793eaf758f140e8137187ba20e65f4faccf53410433ae3ad7a8b3b38cb6b3b7",
    "src/addons/TaylorJ/Blogs/_data/bb_codes.xml": "faa4ddd5f4a365e5ac39aebdcbe2d25aedf74e7eb9ea4a812766e2fd5e13bdb1",
    "src/addons/TaylorJ/Blogs/_data/bb_code_media_sites.xml": "29762987990187b33e43cfb68c08dc917b2d3f0176613d78f8e6c453f82da3f3",
    "src/addons/TaylorJ/Blogs/_data/class_extensions.xml": "b684e4288d34b9dcb1e4b39e65d63de6511dc74523cdff426802bd22a5ac164d",
    "src/addons/TaylorJ/Blogs/_data/code_events.xml": "8370dec3df47f91df4cf79da253446ad11b29f4ea568fe76c774e97a0379f0eb",
    "src/addons/TaylorJ/Blogs/_data/code_event_listeners.xml": "c38a99d2def2964edccdbb5041ca24ab3c87a0da6f282c5329e1e2b0b6c27706",
    "src/addons/TaylorJ/Blogs/_data/content_type_fields.xml": "339563825a2ec864d48cd7e081fe7f5f23f2d79f317865e53b2175cd9e127e29",
    "src/addons/TaylorJ/Blogs/_data/cron.xml": "4a6dca0171f9b56313c43a8c9e54cdc9b4a4982b8f8591a7ba3af6c8a7e20844",
    "src/addons/TaylorJ/Blogs/_data/help_pages.xml": "a8a0c0b06cdc550438bc8a8d385af3e1e5ab3459877dfb934c1c31be59c89163",
    "src/addons/TaylorJ/Blogs/_data/member_stats.xml": "f52932d883d4077b79cc2bf65e9cc3b074c49c3907b2a1b05be449e1acb16e8e",
    "src/addons/TaylorJ/Blogs/_data/navigation.xml": "268eb3cda40fc327d9cc52fc06a3cc8b243528887c61e5d5dafe89b5267e0487",
    "src/addons/TaylorJ/Blogs/_data/options.xml": "7b38753693e71d3ec28a3cdb7b554b8dc2ccff6e0c5ce40c718588035c8d142a",
    "src/addons/TaylorJ/Blogs/_data/option_groups.xml": "9d09087b785e62bfd4104488a773f02557ef985a8a41a1c2df65af675d6d23d4",
    "src/addons/TaylorJ/Blogs/_data/permissions.xml": "f9f73c60d6ed5948fe6b1f97fb550bc9a3818bd536f937997c910eee313046c2",
    "src/addons/TaylorJ/Blogs/_data/permission_interface_groups.xml": "a930b4c98bf594c0aea48c9e6f77f52ac6337f89471e1cae7731d47df868a114",
    "src/addons/TaylorJ/Blogs/_data/phrases.xml": "484b049c504083f90d47608ce6b76d4a88f1b95a12b7dc8d243c454df06d73c3",
    "src/addons/TaylorJ/Blogs/_data/routes.xml": "659abae501a496fa7c7c3fbf3b65bb7870105f68758b06e521faf039cead2e52",
    "src/addons/TaylorJ/Blogs/_data/style_properties.xml": "8b8690a8512f01f219dd2da76e3d0c5f62afc1f317b87794a7331c859c36a7a8",
    "src/addons/TaylorJ/Blogs/_data/style_property_groups.xml": "68e1879cb3846c42d978487aa8d5145ff3335fc39e58016878824d5cf3fd684c",
    "src/addons/TaylorJ/Blogs/_data/templates.xml": "dd772b049af8970dd86b84de27581ae194a99279c41bc5cedddcd1531dc2dc27",
    "src/addons/TaylorJ/Blogs/_data/template_modifications.xml": "65bc2e0c8ac6a50755bd799bab76a2714d22345b31518200d5eb9d23ee9db375",
    "src/addons/TaylorJ/Blogs/_data/widget_definitions.xml": "d388c7aafd983d37d8fa229f787e62267eecd53f30993d2bdfbbcff23310fd59",
    "src/addons/TaylorJ/Blogs/_data/widget_positions.xml": "d44c751e3459e939230ab924db8a32fa663960705c83ef40f7b031cca579ce32"
}