<?xml version="1.0" encoding="utf-8"?>
<phrases>
  <phrase title="admin_navigation.blogs" version_id="1000035" version_string="1.0.0 Beta 5"><![CDATA[Blogs]]></phrase>
  <phrase title="admin_navigation.taylorjBlogsSettings" version_id="1000035" version_string="1.0.0 Beta 5"><![CDATA[Settings]]></phrase>
  <phrase title="cron_entry.userblogs" version_id="1000031" version_string="1.0.0 Beta 1"><![CDATA[Update Blog Post View Counter]]></phrase>
  <phrase title="member_stat.taylorj_blogs_most_blog_posts" version_id="1000036" version_string="1.0.0 Beta 6"><![CDATA[Most blog posts]]></phrase>
  <phrase title="nav.taylorjBlogs" version_id="1000031" version_string="1.0.0 Beta 1"><![CDATA[Blogs]]></phrase>
  <phrase title="nav.taylorjYourBlogPosts" version_id="1010070" version_string="1.1.0"><![CDATA[Your blog posts]]></phrase>
  <phrase title="nav.taylorjYourBlogs" version_id="1010070" version_string="1.1.0"><![CDATA[Your blogs]]></phrase>
  <phrase title="option.taylorjBlogPostsMinTagCount" version_id="1010070" version_string="1.1.0"><![CDATA[Minimum tag amount]]></phrase>
  <phrase title="option.taylorjBlogPostsPerPage" version_id="1000031" version_string="1.0.0 Beta 1"><![CDATA[Blog Posts per page]]></phrase>
  <phrase title="option.taylorjBlogsBlogApproval" version_id="1010070" version_string="1.1.0"><![CDATA[Moderate blog creation]]></phrase>
  <phrase title="option.taylorjBlogsBlogLimit" version_id="1000037" version_string="1.0.0 Beta 7"><![CDATA[Blog creation limit]]></phrase>
  <phrase title="option.taylorjBlogsBlogPostApproval" version_id="1010070" version_string="1.1.0"><![CDATA[Moderate blog post creation]]></phrase>
  <phrase title="option.taylorjBlogsBlogPostForum" version_id="1000037" version_string="1.0.0 Beta 7"><![CDATA[Forum for comment thread creation]]></phrase>
  <phrase title="option.taylorjBlogsPerPage" version_id="1000031" version_string="1.0.0 Beta 1"><![CDATA[Blogs per page]]></phrase>
  <phrase title="option_explain.taylorjBlogPostsMinTagCount" version_id="1010070" version_string="1.1.0"><![CDATA[How many tags must a blog post have to be able to be posted]]></phrase>
  <phrase title="option_explain.taylorjBlogPostsPerPage" version_id="1000031" version_string="1.0.0 Beta 1"><![CDATA[How many blog posts to show per page on the blog view]]></phrase>
  <phrase title="option_explain.taylorjBlogsBlogApproval" version_id="1000070" version_string="1.0.0"><![CDATA[Force all new blog creations into the approval queue]]></phrase>
  <phrase title="option_explain.taylorjBlogsBlogLimit" version_id="1000037" version_string="1.0.0 Beta 7"><![CDATA[Limit your users to how many blogs they can own/create]]></phrase>
  <phrase title="option_explain.taylorjBlogsBlogPostApproval" version_id="1010070" version_string="1.1.0"><![CDATA[Force all new visible blog posts to the approval queue]]></phrase>
  <phrase title="option_explain.taylorjBlogsBlogPostForum" version_id="1000035" version_string="1.0.0 Beta 5"><![CDATA[Pick a forum that will be used to automatically create threads in for blog posts to be used as comments.]]></phrase>
  <phrase title="option_explain.taylorjBlogsPerPage" version_id="1000031" version_string="1.0.0 Beta 1"><![CDATA[How many blogs to display per page on the blogs index page]]></phrase>
  <phrase title="option_group.taylorjBlogs" version_id="1000031" version_string="1.0.0 Beta 1"><![CDATA[[TaylorJ] Blogs - Options]]></phrase>
  <phrase title="option_group_description.taylorjBlogs" version_id="1000031" version_string="1.0.0 Beta 1"><![CDATA[Personalize the blog addon's options to fit your communities needs!]]></phrase>
  <phrase title="permission.blogs_viewOwn" version_id="1000034" version_string="1.0.0 Beta 4"><![CDATA[Can view own blogs']]></phrase>
  <phrase title="permission.taylorjBlogPost_canDeleteAny" version_id="1000031" version_string="1.0.0 Beta 1"><![CDATA[Can delete any blog post]]></phrase>
  <phrase title="permission.taylorjBlogPost_canDeleteOwnPost" version_id="1000031" version_string="1.0.0 Beta 1"><![CDATA[Can delete own blog post]]></phrase>
  <phrase title="permission.taylorjBlogPost_canEditAny" version_id="1000031" version_string="1.0.0 Beta 1"><![CDATA[Can edit any blog post]]></phrase>
  <phrase title="permission.taylorjBlogPost_canEditOwnPost" version_id="1000031" version_string="1.0.0 Beta 1"><![CDATA[Can edit own blog post]]></phrase>
  <phrase title="permission.taylorjBlogPost_canManageAnyTag" version_id="1010070" version_string="1.1.0"><![CDATA[Can manage any blog posts tags]]></phrase>
  <phrase title="permission.taylorjBlogPost_canPost" version_id="1000031" version_string="1.0.0 Beta 1"><![CDATA[Can make a blog post]]></phrase>
  <phrase title="permission.taylorjBlogPost_canTagAnyBlogPost" version_id="1010070" version_string="1.1.0"><![CDATA[Can tag any blog post]]></phrase>
  <phrase title="permission.taylorjBlogPost_canTagOwnBlogPost" version_id="1010070" version_string="1.1.0"><![CDATA[Can tag own blog post]]></phrase>
  <phrase title="permission.taylorjBlogPost_canViewModerated" version_id="1010070" version_string="1.1.0"><![CDATA[Can view moderated content]]></phrase>
  <phrase title="permission.taylorjBlogPost_inlineMod" version_id="1010070" version_string="1.1.0"><![CDATA[Use inline moderation on resources]]></phrase>
  <phrase title="permission.taylorjBlogPost_submitWithoutApproval" version_id="1010070" version_string="1.1.0"><![CDATA[Can submit blog posts without approval]]></phrase>
  <phrase title="permission.taylorjBlogs_canCreate" version_id="1000031" version_string="1.0.0 Beta 1"><![CDATA[Can create a new blog]]></phrase>
  <phrase title="permission.taylorjBlogs_canDeleteAny" version_id="1000031" version_string="1.0.0 Beta 1"><![CDATA[Can delete any blog]]></phrase>
  <phrase title="permission.taylorjBlogs_canDeleteOwn" version_id="1000031" version_string="1.0.0 Beta 1"><![CDATA[Can delete own blog]]></phrase>
  <phrase title="permission.taylorjBlogs_canEditAny" version_id="1000031" version_string="1.0.0 Beta 1"><![CDATA[Can edit any blog]]></phrase>
  <phrase title="permission.taylorjBlogs_canEditOwn" version_id="1000031" version_string="1.0.0 Beta 1"><![CDATA[Can edit own blog]]></phrase>
  <phrase title="permission.taylorjBlogs_viewAny" version_id="1000031" version_string="1.0.0 Beta 1"><![CDATA[Can view any blog]]></phrase>
  <phrase title="permission.taylorjBlogs_viewBlogs" version_id="1000035" version_string="1.0.0 Beta 5"><![CDATA[Can view blogs]]></phrase>
  <phrase title="permission.taylorjBlogs_viewOwn" version_id="1000031" version_string="1.0.0 Beta 1"><![CDATA[Can view own blog]]></phrase>
  <phrase title="permission_interface.taylorjBlogsModeratorPermissions" version_id="1000031" version_string="1.0.0 Beta 1"><![CDATA[[TaylorJ] Blogs Moderator Permissions]]></phrase>
  <phrase title="permission_interface.taylorjBlogsPermissions" version_id="1000031" version_string="1.0.0 Beta 1"><![CDATA[[TaylorJ] Blogs permissions]]></phrase>
  <phrase title="taylorj_blog_post_in_blog_x" version_id="1000036" version_string="1.0.0 Beta 6"><![CDATA[Blog post in blog '{title}']]></phrase>
  <phrase title="taylorj_blogs_blog" version_id="1000031" version_string="1.0.0 Beta 1"><![CDATA[Blog]]></phrase>
  <phrase title="taylorj_blogs_blog_approval" version_id="1010070" version_string="1.1.0"><![CDATA[Blog <a href="{blogLink}">{blogTitle}</a> created.]]></phrase>
  <phrase title="taylorj_blogs_blog_create" version_id="1000035" version_string="1.0.0 Beta 5"><![CDATA[Create a new blog]]></phrase>
  <phrase title="taylorj_blogs_blog_create_post" version_id="1000035" version_string="1.0.0 Beta 5"><![CDATA[Create a new post]]></phrase>
  <phrase title="taylorj_blogs_blog_created_by" version_id="1000034" version_string="1.0.0 Beta 4"><![CDATA[Created by]]></phrase>
  <phrase title="taylorj_blogs_blog_created_on" version_id="1000034" version_string="1.0.0 Beta 4"><![CDATA[Created on]]></phrase>
  <phrase title="taylorj_blogs_blog_delete" version_id="1000031" version_string="1.0.0 Beta 1"><![CDATA[Delete blog]]></phrase>
  <phrase title="taylorj_blogs_blog_edit" version_id="1000035" version_string="1.0.0 Beta 5"><![CDATA[Edit blog: {blogTitle}]]></phrase>
  <phrase title="taylorj_blogs_blog_edit_button" version_id="1000035" version_string="1.0.0 Beta 5"><![CDATA[Edit blog]]></phrase>
  <phrase title="taylorj_blogs_blog_edit_description" version_id="1000035" version_string="1.0.0 Beta 5"><![CDATA[Blog Description]]></phrase>
  <phrase title="taylorj_blogs_blog_edit_header_image" version_id="1000035" version_string="1.0.0 Beta 5"><![CDATA[Header Image]]></phrase>
  <phrase title="taylorj_blogs_blog_edit_threshold" version_id="1000035" version_string="1.0.0 Beta 5"><![CDATA[Please keep it below the threshold]]></phrase>
  <phrase title="taylorj_blogs_blog_edit_title" version_id="1000035" version_string="1.0.0 Beta 5"><![CDATA[Title]]></phrase>
  <phrase title="taylorj_blogs_blog_error_delete" version_id="1000031" version_string="1.0.0 Beta 1"><![CDATA[You do not have permissions to delete this blog]]></phrase>
  <phrase title="taylorj_blogs_blog_error_edit" version_id="1000031" version_string="1.0.0 Beta 1"><![CDATA[You do not have permissions to edit this blog]]></phrase>
  <phrase title="taylorj_blogs_blog_header_upload" version_id="1000031" version_string="1.0.0 Beta 1"><![CDATA[Choose a header image]]></phrase>
  <phrase title="taylorj_blogs_blog_limit_reached" version_id="1000037" version_string="1.0.0 Beta 7"><![CDATA[You have reached the limit to the amount of blogs you may create]]></phrase>
  <phrase title="taylorj_blogs_blog_post" version_id="1010070" version_string="1.1.0"><![CDATA[Blog post]]></phrase>
  <phrase title="taylorj_blogs_blog_post_add_comment" version_id="1000035" version_string="1.0.0 Beta 5"><![CDATA[Join the conversation]]></phrase>
  <phrase title="taylorj_blogs_blog_post_approval" version_id="1010070" version_string="1.1.0"><![CDATA[Blog post <a href="{blogPostLink}">{blogPostTitle}</a> posted in blog <a href="{blogLink}">{blogTitle}</a>]]></phrase>
  <phrase title="taylorj_blogs_blog_post_comment_thread_creation" version_id="1000036" version_string="1.0.0 Beta 6"><![CDATA[Create Blog Post Comment Threads]]></phrase>
  <phrase title="taylorj_blogs_blog_post_count" version_id="1000036" version_string="1.0.0 Beta 6"><![CDATA[Blog post count]]></phrase>
  <phrase title="taylorj_blogs_blog_post_delete" version_id="1000031" version_string="1.0.0 Beta 1"><![CDATA[Delete blog post]]></phrase>
  <phrase title="taylorj_blogs_blog_post_draft_post" version_id="1000037" version_string="1.0.0 Beta 7"><![CDATA[Draft]]></phrase>
  <phrase title="taylorj_blogs_blog_post_edit" version_id="1000031" version_string="1.0.0 Beta 1"><![CDATA[Edit blog post]]></phrase>
  <phrase title="taylorj_blogs_blog_post_error_edit" version_id="1000031" version_string="1.0.0 Beta 1"><![CDATA[You do not have permissions to edit this blog post]]></phrase>
  <phrase title="taylorj_blogs_blog_post_error_new" version_id="1000031" version_string="1.0.0 Beta 1"><![CDATA[You do not have permissions to create a new blog post]]></phrase>
  <phrase title="taylorj_blogs_blog_post_in_x" version_id="1000035" version_string="1.0.0 Beta 5"><![CDATA[Post from blog '{title}']]></phrase>
  <phrase title="taylorj_blogs_blog_post_latest_comments" version_id="1000035" version_string="1.0.0 Beta 5"><![CDATA[Latest comments]]></phrase>
  <phrase title="taylorj_blogs_blog_post_read_time" version_id="1000035" version_string="1.0.0 Beta 5"><![CDATA[Read time: {readTime} minutes]]></phrase>
  <phrase title="taylorj_blogs_blog_post_schedule" version_id="1000035" version_string="1.0.0 Beta 5"><![CDATA[Schedule your blog post]]></phrase>
  <phrase title="taylorj_blogs_blog_post_schedule_later" version_id="1000034" version_string="1.0.0 Beta 4"><![CDATA[Schedule for later]]></phrase>
  <phrase title="taylorj_blogs_blog_post_schedule_now" version_id="1000034" version_string="1.0.0 Beta 4"><![CDATA[Post now]]></phrase>
  <phrase title="taylorj_blogs_blog_post_scheduled_time_error" version_id="1000051" version_string="1.0.0 Release Candidate 1"><![CDATA[Please select a time and/or date in the future to schedule a blog post]]></phrase>
  <phrase title="taylorj_blogs_blog_post_share_this" version_id="1000035" version_string="1.0.0 Beta 5"><![CDATA[Share this blog post]]></phrase>
  <phrase title="taylorj_blogs_blog_post_thread_create" version_id="1000035" version_string="1.0.0 Beta 5"><![CDATA[{username} made a new blog post:

[url={blog_post_link}][plain]{title}[/plain][/url]

[quote]{snippet}[/quote]

[url={blog_post_link}]Read the full blog post here...[/url]]]></phrase>
  <phrase title="taylorj_blogs_blog_post_thread_creation_job" version_id="1000036" version_string="1.0.0 Beta 6"><![CDATA[Creating comment threads for needed blog posts]]></phrase>
  <phrase title="taylorj_blogs_blog_post_title_verification_error" version_id="1000031" version_string="1.0.0 Beta 1"><![CDATA[Blog titles need to be at least 10 characters long]]></phrase>
  <phrase title="taylorj_blogs_blog_posts" version_id="1000036" version_string="1.0.0 Beta 6"><![CDATA[Blog Posts]]></phrase>
  <phrase title="taylorj_blogs_blog_scheduled_posts_view_error" version_id="1000035" version_string="1.0.0 Beta 5"><![CDATA[You can not view the scheduled posts of a blog that is not yours]]></phrase>
  <phrase title="taylorj_blogs_blog_total_blog_posts" version_id="1000034" version_string="1.0.0 Beta 4"><![CDATA[Blog Posts]]></phrase>
  <phrase title="taylorj_blogs_blogs_total" version_id="1000031" version_string="1.0.0 Beta 1"><![CDATA[Blogs]]></phrase>
  <phrase title="taylorj_blogs_by_x" version_id="1000036" version_string="1.0.0 Beta 6"><![CDATA[Blogs by {name}]]></phrase>
  <phrase title="taylorj_blogs_create_blog" version_id="1000035" version_string="1.0.0 Beta 5"><![CDATA[Create a blog]]></phrase>
  <phrase title="taylorj_blogs_draft_posts_button" version_id="1000037" version_string="1.0.0 Beta 7"><![CDATA[Draft blog posts]]></phrase>
  <phrase title="taylorj_blogs_new_blog_posts" version_id="1000036" version_string="1.0.0 Beta 6"><![CDATA[New blog posts]]></phrase>
  <phrase title="taylorj_blogs_scheduled_posts_button" version_id="1000037" version_string="1.0.0 Beta 7"><![CDATA[Scheduled blog posts]]></phrase>
  <phrase title="taylorj_blogs_time" version_id="1000034" version_string="1.0.0 Beta 4"><![CDATA[Time]]></phrase>
  <phrase title="taylorj_blogs_titile_verification_error" version_id="1000031" version_string="1.0.0 Beta 1"><![CDATA[Blog titles need to be at least 10 characters long]]></phrase>
  <phrase title="taylorj_blogs_user_tz" version_id="1000034" version_string="1.0.0 Beta 4"><![CDATA[This date/time value will be according to the <strong>{tz}</strong> timezone.]]></phrase>
  <phrase title="taylorj_blogs_visible_posts_button" version_id="1000037" version_string="1.0.0 Beta 7"><![CDATA[Visible blog posts]]></phrase>
  <phrase title="taylorj_x_created_new_post_in_y" version_id="1000034" version_string="1.0.0 Beta 4"><![CDATA[{name} created a new blog post in <a {blog}>{blogTitle}</a>.]]></phrase>
  <phrase title="taylorj_x_reacted_to_your_blogpost" version_id="1000033" version_string="1.0.0 Beta 3"><![CDATA[{name} reacted to <a {posterParams}>your blog post</a> {title} with {reaction}.]]></phrase>
  <phrase title="widget.taylorj_blogs_latest_blog_posts" version_id="1000035" version_string="1.0.0 Beta 5"><![CDATA[Latest blog posts]]></phrase>
  <phrase title="widget_def.taylorj_latest_blog_posts" version_id="1000035" version_string="1.0.0 Beta 5"><![CDATA[Latest Blog Posts]]></phrase>
  <phrase title="widget_def_desc.taylorj_latest_blog_posts" version_id="1000035" version_string="1.0.0 Beta 5"><![CDATA[Displays latest blog posts]]></phrase>
</phrases>
