<?xml version="1.0" encoding="utf-8"?>
<permissions>
  <permission permission_group_id="taylorjBlogPost" permission_id="canDeleteAny" permission_type="flag" interface_group_id="taylorjBlogsModeratorPermissions" display_order="4"/>
  <permission permission_group_id="taylorjBlogPost" permission_id="canDeleteOwnPost" permission_type="flag" interface_group_id="taylorjBlogsPermissions" display_order="8"/>
  <permission permission_group_id="taylorjBlogPost" permission_id="canEditAny" permission_type="flag" interface_group_id="taylorjBlogsModeratorPermissions" display_order="3"/>
  <permission permission_group_id="taylorjBlogPost" permission_id="canEditOwnPost" permission_type="flag" interface_group_id="taylorjBlogsPermissions" display_order="7"/>
  <permission permission_group_id="taylorjBlogPost" permission_id="canPost" permission_type="flag" interface_group_id="taylorjBlogsPermissions" display_order="6"/>
  <permission permission_group_id="taylorjBlogs" permission_id="canCreate" permission_type="flag" interface_group_id="taylorjBlogsPermissions" display_order="5"/>
  <permission permission_group_id="taylorjBlogs" permission_id="canDeleteAny" permission_type="flag" interface_group_id="taylorjBlogsModeratorPermissions" display_order="2"/>
  <permission permission_group_id="taylorjBlogs" permission_id="canDeleteOwn" permission_type="flag" interface_group_id="taylorjBlogsPermissions" display_order="4"/>
  <permission permission_group_id="taylorjBlogs" permission_id="canEditAny" permission_type="flag" interface_group_id="taylorjBlogsModeratorPermissions" display_order="1"/>
  <permission permission_group_id="taylorjBlogs" permission_id="canEditOwn" permission_type="flag" interface_group_id="taylorjBlogsPermissions" display_order="3"/>
  <permission permission_group_id="taylorjBlogs" permission_id="viewAny" permission_type="flag" depend_permission_id="viewOwn" interface_group_id="taylorjBlogsPermissions" display_order="2"/>
  <permission permission_group_id="taylorjBlogs" permission_id="viewOwn" permission_type="flag" interface_group_id="taylorjBlogsPermissions" display_order="1"/>
</permissions>
