<?xml version="1.0" encoding="utf-8"?>
<templates>
  <template type="public" title="alert_taylorj_blogs_blog_insert" version_id="1000034" version_string="1.0.0 Beta 4"><![CDATA[{{ phrase('taylorj_x_created_new_post_in_y', {
	'name': username_link($user, false, {'defaultname': $alert.username}),
	'blog': 'href="' . link('blogs/blog', $content) . '" class="fauxBlockLink-blockLink"',
	'posterParams': 'href="' . link('blogs/post', $content) . '" class="fauxBlockLink-blockLink"',
	'title': $content.blog_post_title,
    'blogTitle': $content.blog_title
}) }}]]></template>
  <template type="public" title="alert_taylorj_blogs_blog_post_reaction" version_id="1000033" version_string="1.0.0 Beta 3"><![CDATA[{{ phrase('taylorj_x_reacted_to_your_blogpost', {
	'name': username_link($user, false, {'defaultname': $alert.username}),
	'reaction': alert_reaction($extra.reaction_id)|preescaped,
	'posterParams': 'href="' . link('blogs/post', $content) . '" class="fauxBlockLink-blockLink"',
	'title': $content.blog_post_title
}) }}]]></template>
  <template type="public" title="search_result_taylorj_blogs_blog_post" version_id="1000031" version_string="1.0.0 Beta 1"><![CDATA[<li class="block-row block-row--separated js-inlineModContainer" data-author="{{ $blogPost.User.username }}">
	<div class="contentRow">
		<span class="contentRow-figure">
			<xf:avatar user="{$blogPost.User}" size="s" />
		</span>
		<div class="contentRow-main">
			<h3 class="contentRow-title">
				<a href="{{ link('blogs/post', $blogPost) }}">{{ highlight($blogPost.blog_post_title, $options.term) }}</a>
			</h3>

			<div class="contentRow-snippet">{{ snippet($blogPost.blog_post_content, 300, {'term': $options.term, 'stripQuote': true}) }}</div>

			<div class="contentRow-minor contentRow-minor--hideLinks">
				<ul class="listInline listInline--bullet">
					<li><xf:username user="{$blogPost.User}" /></li>
					<li><xf:date time="{$blogPost.blog_post_date}" /></li>
					<li>{{ phrase('taylorj_blogs_blog:') }} <a href="{{ link('blogs/blog', $blogPost.Blog) }}">{$blogPost.Blog.blog_title}</a></li>
				</ul>
			</div>
		</div>
	</div>
</li>]]></template>
  <template type="public" title="taylorj_blogs_blog_edit" version_id="1000031" version_string="1.0.0 Beta 1"><![CDATA[<xf:title>
    <xf:if is="$blog.blog_id">
        Edit Blog {$blog.blog_title}
        <xf:else />
        Create a new Blog
    </xf:if>
</xf:title>



<xf:form action="{{ link('blogs/save', $blog) }}" class="block" ajax="1">
    <div class="block-container">
        <xf:textboxrow name="blog_title" value="{$blog.blog_title}" label="Title" />
        <xf:textarearow name="blog_description" value="{$blog.blog_description}" label="Blog Description" autosize="true" rows="5" />
        <xf:uploadrow name="upload"
                      label="Header Image"
                      accept=".gif,.jpeg,.jpg,.jpe,.png"
                      value="{{ $blog.blog_header_image ? $blog.blog_header_image : null }}"
                      placeholder="{{ phrase('taylorj_blogs_blog_header_upload') }}"
                      asset="taylorj_blogs_blog_header"
                      explain="Please keep it below the threshold"
                      dir="ltr" />
    </div>
    <xf:submitrow submit="{{ phrase('save') }}" fa="fa-save" icon="save" />
</xf:form>]]></template>
  <template type="public" title="taylorj_blogs_blog_post_edit" version_id="1000034" version_string="1.0.0 Beta 4"><![CDATA[<xf:breadcrumb source="$blogPost.getBreadcrumbs(true)" />
<xf:title>Edit your post</xf:title>
<div class="block">
	<xf:form action="{{ link('blogs/post/save', $blogPost) }}" class="block" ajax="true" data-xf-init="attachment-manager">
		<div class="block-container">
			<div class="block-body">
				<xf:textboxrow name="blog_post_title" value="{$blogPost.blog_post_title}" rowtype="fullWidth noLabel"
					class="input--title" maxlength="40" placeholder="{{ phrase('title...') }}"
					label="{{ phrase('title') }}" />

				<xf:editorrow name="message" value="{$blogPost.blog_post_content}" label="message"
					attachments="{{ $attachmentData ? $attachmentData.attachments : [] }}"
					rowtype="fullWidth noLabel mergePrev"
					data-preview-url="{{ link('blogs/post/add-preview', $blogPost) }}" />

				<xf:formrow>
					<xf:macro template="helper_attach_upload" name="upload_block"
						arg-attachmentData="{$attachmentData}" />
				</xf:formrow>
			</div>
		</div>
		<xf:hiddenval name="blog_id" autocomplete="off">{$blog_id}</xf:hiddenval>
		<xf:submitrow submit="{{ phrase('save') }}" fa="fa-save" icon="save" />
	</xf:form>
</div>]]></template>
  <template type="public" title="taylorj_blogs_blog_post_new_edit" version_id="1000034" version_string="1.0.0 Beta 4"><![CDATA[<xf:breadcrumb source="$blog.getBreadcrumbs(true)" />
<xf:title>Create a new blog post</xf:title>
<div class="block">
	<xf:form action="{{ link('blogs/blog/post-save', $blogPost) }}" class="block" ajax="true"
		data-xf-init="attachment-manager">
		<div class="block-container">
			<div class="block-body">
				<xf:textboxrow name="blog_post_title" value="{$blogPost.blog_post_title}" rowtype="fullWidth noLabel"
					class="input--title" maxlength="40" placeholder="{{ phrase('title...') }}"
					label="{{ phrase('title') }}" />

				<xf:editorrow name="message" value="{$blogPost.blog_post_content}" label="message"
					attachments="{{ $attachmentData ? $attachmentData.attachments : [] }}"
					rowtype="fullWidth noLabel mergePrev"
					data-preview-url="{{ link('blogs/blog/add-preview', $blogPost) }}" />

				<xf:formrow rowtype="fullWidth noLabel mergePrev">
					<xf:macro template="helper_attach_upload" name="upload_block"
						arg-attachmentData="{$attachmentData}" />
				</xf:formrow>

				<xf:macro name="watch_input" arg-thread="!" arg-rowType="" arg-label="{{ phrase('options') }}"
					arg-explain="" arg-forceWatchChecked="{{ null }}" arg-forceWatchEmailChecked="{{ null }}"
					arg-visible="{{ true }}">

				</xf:macro>

				<xf:radiorow name="blog_post_schedule"
					value="{{ $xf.visitor.Option.interaction_watch_state == 'watch_email' ? 1 : 0}}" rowtype="noColon"
					label="{{ phrase('taylorj_blogs_blog_post_schedule') }}">

					<xf:option value="1">{{ phrase('taylorj_blogs_blog_post_schedule_now') }}</xf:option>
					<xf:option value="0">{{ phrase('taylorj_blogs_blog_post_schedule_later') }}</xf:option>
				</xf:radiorow>

				<xf:formrow>
					<div class="inputGroup">
						<xf:radio name="now" value="true" label="now" />
						<xf:dateinput name="dd" value="{{date($dt, 'picker')}}" />
						<span class="inputGroup-text">
							{{ phrase('taylorj_blogs_time:') }}
						</span>
						<span class="inputGroup" dir="ltr">
							<xf:select name="hh" value="{$hh_value}" class="input--inline input--autoSize">
								<xf:foreach loop="$hours" value="$hour">
									<xf:option value="{$hour}" label="{$hour}" />
								</xf:foreach>
							</xf:select>
							<span class="inputGroup-text">:</span>
							<xf:select name="mm" value="{$mm_value}" class="input--inline input--autoSize">
								<xf:foreach loop="$minutes" value="$minute">
									<xf:option value="{$minute}" label="{$minute}" />
								</xf:foreach>
							</xf:select>
						</span>
					</div>
				</xf:formrow>
				<dl class="formRow formRow--input">
					<dt>
						<div class="formRow-labelWrapper"></div>
					</dt>
					<dd>
						<div class="blockMessage blockMessage--warning">
							{{phrase('taylorj_blogs_user_tz', {'tz': $xf.visitor.timezone})}}
						</div>
					</dd>
				</dl>

			</div>
		</div>
		<xf:hiddenval name="blog_id" autocomplete="off">{$blogId}</xf:hiddenval>
		<xf:submitrow submit="{{ phrase('save') }}" fa="fa-save" icon="save" />
	</xf:form>
</div>]]></template>
  <template type="public" title="taylorj_blogs_blog_post_view" version_id="1000034" version_string="1.0.0 Beta 4"><![CDATA[<xf:css src="taylorj_blogs_blog_post_view.less" />
<xf:css src="message.less" />

<xf:breadcrumb source="$blogPost.getBreadcrumbs(true)" />

<xf:title>{$blogPost.blog_post_title}</xf:title>

<xf:description meta="false">
    <div class="u-pullLeft">
        <ul class="listInline listInline--bullet">
            <li>
                <xf:fa icon="fa-user" title="{{ phrase('thread_starter')|for_attr }}" />
                <span class="u-srOnly">{{ phrase('thread_starter') }}</span>

                <xf:username user="{$blogPost.User}" class="u-concealed" />
            </li>
            <li>
                <xf:fa icon="fa-clock" title="{{ phrase('start_date')|for_attr }}" />
                <span class="u-srOnly">{{ phrase('start_date') }}</span>

                <a href="{{ link('blogs/post', $blogPost) }}" class="u-concealed">
                    <xf:date time="{$blogPost.blog_post_date}" />
                </a>
            </li>
        </ul>
    </div>
    <xf:if contentcheck="true">
        <div class="u-pullRight buttonGroup-buttonWrapper">
            <xf:button class="button--link menuTrigger" data-xf-click="menu" aria-expanded="false" aria-haspopup="true"
                title="{{ phrase('more_options') }}">&#8226;&#8226;&#8226;</xf:button>
            <div class="menu" data-menu="menu" aria-hidden="true">
                <div class="menu-content">
                    <h4 class="menu-header">{{ phrase('more_options') }}</h4>
                    <xf:contentcheck>
                        <!--[XF:thread_tools_menu:top]-->
                        <xf:if is="$blogPost.canEdit()">
                            <a href="{{ link('blogs/post/edit', $blogPost) }}" class="menu-linkRow">{{
                                phrase('taylorj_blogs_blog_post_edit') }}</a>
                        </xf:if>
                        <xf:if is="$blogPost.canDelete()">
                            <a href="{{ link('blogs/post/delete', $blogPost) }}" data-xf-click="overlay"
                                class="menu-linkRow">{{
                                phrase('taylorj_blogs_blog_post_delete') }}</a>
                        </xf:if>
                        <!--[XF:thread_tools_menu:bottom]-->
                    </xf:contentcheck>
                </div>
            </div>
        </div>
    </xf:if>
</xf:description>

<xf:macro id="lightbox_macros::setup" arg-canViewAttachments="{$blogPost.canViewAttachments()}" />

<div class="block" data-xf-init="lightbox" data-type="taylorj_blogs_blog_post">
    <div class="block-container lbContainer js-lbContainer" data-lb-id="{$blogPost.blog_post_id}">
        <div class="message">
            <div class="message-inner">
                <xf:extension id="main_cell">
                    <div class="message-cell message-cell--main">
                        <xf:extension id="main_cell_inner">
                            <div class="message-main js-quickEditTarget">
                                <div class="message-attribution">
                                    <xf:date time="$blogPost.blog_post_date" />
                                    <div class="u-pullRight">
                                        {{ phrase('views') }}: {$blogPost.view_count}
                                    </div>
                                </div>
                                <div class="message-content">
                                    <div class="message-body" data-xf-init="lightbox"
                                        data-lb-id="attach-{$blogPost.blog_post_id}"
                                        data-lb-universal="{$xf.options.lightBoxUniversal}">
                                        {{ bb_code($blogPost.blog_post_content, 'taylorj_blogs_blog_post', $blogPost) }}
                                    </div>
                                    <div class="actionBar-set actionBar-set--external">
                                        <xf:react content="{$blogPost}" link="blogs/post/react"
                                            list="< .js-post | .js-reactionList" />
                                    </div>
                                </div>
                                <footer class="message-footer">
                                    <div
                                        class="reactionsBar js-reactionList {{ $blogPost.reactions ? 'is-active' : ''}}">
                                        <xf:if is="$blogPost.reactions">
                                            <xf:reactions content="{$blogPost}" link="blogs/post/reactions" />
                                        </xf:if>
                                    </div>
                                </footer>
                            </div>
                        </xf:extension>
                    </div>
                </xf:extension>
            </div>
        </div>
        <aside class="message-articleUserInfo">
            <div class="message-cell">
                <div class="contentRow">
                    <div class="contentRow-figure">
                        <xf:avatar user="$blogPost.User" size="m" />
                    </div>
                    <div class="contentRow-main">

                        <div class="message-articleUserFirstLine">
                            <div class="message-articleWrittenBy u-srOnly">{{ phrase('article_written_by') }}</div>
                            <h3 class="message-articleUserName">
                                <xf:username user="$blogPost.User" rich="true" />
                            </h3>

                            <xf:if contentcheck="true">
                                <div class="message-articleUserBlurb">
                                    <xf:contentcheck>
                                        <xf:userblurb user="$blogPost.User" tag="div" />
                                    </xf:contentcheck>
                                </div>
                            </xf:if>
                        </div>

                        <xf:if contentcheck="true">
                            <div class="message-articleUserAbout">
                                <xf:contentcheck>
                                    <xf:if is="$blogPost.User.Profile.about != ''">
                                        {{ bb_code($blogPost.User.Profile.about, 'user:about', $blogPost.User) }}
                                    </xf:if>
                                </xf:contentcheck>
                            </div>
                        </xf:if>

                        <xf:if contentcheck="true">
                            <div class="message-articleUserBanners">
                                <xf:contentcheck>
                                    <xf:userbanners user="$user" />
                                </xf:contentcheck>
                            </div>
                        </xf:if>

                        <div class="message-articleUserStats">
                            <ul class="listInline listInline--bullet">
                                <!--[XF:stats:start]-->
                                <li>
                                    <dl class="pairs pairs--inline">
                                        <dt>{{ phrase('taylorj_blogs_blogs_total') }}</dt>
                                        <dd>{$blogPost.User.taylorj_blogs_blog_count|number}</dd>
                                    </dl>
                                </li>
                                <!--[XF:stats:after_messages]-->
                                <li>
                                    <dl class="pairs pairs--inline">
                                        <dt>{{ phrase('reaction_score') }}</dt>
                                        <dd>{$blogPost.User.reaction_score|number}</dd>
                                    </dl>
                                </li>
                                <!--[XF:stats:after_likes]-->
                                <!--[XF:stats:after_reactions]-->
                                <xf:if is="$xf.options.enableTrophies">
                                    <li>
                                        <dl class="pairs pairs--inline">
                                            <dt>{{ phrase('points') }}</dt>
                                            <dd>{$blogPost.User.trophy_points|number}</dd>
                                        </dl>
                                    </li>
                                </xf:if>
                                <!--[XF:stats:end]-->
                            </ul>
                        </div>
                    </div>
                </div>
            </div>
        </aside>
    </div>
</div>]]></template>
  <template type="public" title="taylorj_blogs_blog_post_view.less" version_id="1000034" version_string="1.0.0 Beta 4"><![CDATA[.taylorJUserBlogs-post-content {
    padding: @xf-paddingLarge;
}]]></template>
  <template type="public" title="taylorj_blogs_blog_view" version_id="1000034" version_string="1.0.0 Beta 4"><![CDATA[<xf:css src="taylorj_blogs_blog_view.less" />

<xf:breadcrumb source="$blog.getBreadcrumbs(true)" />

<xf:title>{$blog.blog_title}</xf:title>
<xf:description>{$blog.blog_description}</xf:description>

<div class="taylorjUserBlogs-blog-description">
    <xf:if is="{$blog.canPost()}">
        <xf:pageaction>
            <xf:button href="{{ link('blogs/blog/add-post', $blog) }}" fa="fa-plus-square" class="button--cta">
                Create a new post
            </xf:button>
        </xf:pageaction>
    </xf:if>

    <div class="u-pullRight taylorjBlogs-blog-actions">
        <div>
            <xf:button href="{{ link('blogs/blog/watch', $blog) }}" class="u-pullRight button--link"
                data-sk-watch="{{ phrase('watch') }}" data-sk-unwatch="{{ phrase('unwatch') }}">
                <xf:if is="{$blog.BlogWatch.{$xf.visitor.user_id}}">
                    {{ phrase('unwatch') }}
                    <xf:else />
                    {{ phrase('watch') }}
                </xf:if>
            </xf:button>
        </div>

        <div>
            <xf:if contentcheck="true">
                <div class="buttonGroup-buttonWrapper">
                    <xf:button class="button--link menuTrigger" data-xf-click="menu" aria-expanded="false"
                        aria-haspopup="true" title="{{ phrase('more_options') }}">&#8226;&#8226;&#8226;</xf:button>
                    <div class="menu" data-menu="menu" aria-hidden="true">
                        <div class="menu-content">
                            <h4 class="menu-header">{{ phrase('more_options') }}</h4>
                            <xf:contentcheck>
                                <!--[XF:thread_tools_menu:top]-->
                                <xf:if is="$blog.canEdit()">
                                    <a href="{{ link('blogs/blog/edit', $blog) }}" class="menu-linkRow">{{
                                        phrase('taylorj_blogs_blog_edit') }}</a>
                                </xf:if>
                                <xf:if is="$blog.canDelete()">
                                    <a href="{{ link('blogs/blog/delete', $blog) }}" data-xf-click="overlay"
                                        class="menu-linkRow">{{
                                        phrase('taylorj_blogs_blog_delete') }}</a>
                                </xf:if>
                                <!--[XF:thread_tools_menu:bottom]-->
                            </xf:contentcheck>
                        </div>
                    </div>
                </div>
            </xf:if>
        </div>
    </div>
</div>

<xf:css src="message.less" />

<div class="block taylorjUserBlogs-block">
    <div class="taylorjUserBlogs-blog-posts">
        <xf:foreach loop="{$blogPosts}" key="$blog_post_id" value="$blogPost">
            <div class="block-container">
                <div class="block-body">
                    <div class="message message--article message--articlePreview">
                        <div class="articlePreview-main">
                            <div class="articlePreview-text">
                                <div class="articlePreview-headline">
                                    <h2 class="articlePreview-title">
                                        <a href="{{ link('blogs/post', $blogPost) }}">{$blogPost.blog_post_title}</a>
                                    </h2>
                                </div>
                                <div class="message--articlePreview articlePreview-content">
                                    <div class="message-content">
                                        <div class="message-userContent">
                                            <article class="message-body">
                                                {{ bb_code_snippet($blogPost.blog_post_content,
                                                'taylorj_blogs_blog_post', $blogPost, 750) }}
                                            </article>
                                        </div>
                                    </div>
                                </div>
                                <div class="articlePreview-links">
                                    <a href="{{ link('blogs/post', $blogPost) }}" class="button button--link">{{
                                        phrase('view_full_post') }} &raquo;</a>
                                </div>
                            </div>
                            <div class="block-footer">
                                <xf:date time="$blogPost.blog_post_date" />
                                <xf:if is="$blogPost.blog_post_last_edit_date">
                                    &nbsp;&#8226;&nbsp;&nbsp;{{ phrase('last_edited:') }}
                                    <xf:date time="$blogPost.blog_post_last_edit_date" />
                                </xf:if>
                                <span class="u-pullRight">{{ phrase('views') }}: {$blogPost.view_count}</span>
                            </div>
                        </div>
                    </div>
                </div>
            </div>
        </xf:foreach>
        <xf:pagenav page="{$page}" perpage="{$perPage}" total="{$total}" link="blogs/blog/" data="{$blogPost}"
            wrapperclass="block-outer block-outer--after" />
    </div>
</div>

<xf:sidebar>
    <div class="taylorjUserBlogs-blog-details">
        <xf:if is="{$blog.blog_header_image}">
            <div class="taylorjBlogs-blog-header-image">
                <img src="{$blog.blog_header_image}" alt="Header Image" />
            </div>
        </xf:if>
        <div class="taylorJUserBlogs-details-text">
            <dl class="pairs pairs--justified">
                <dt>{{ phrase('author') }}</dt>
                <dd>{$blog.User.username}</dd>
            </dl>
            <dl class="pairs pairs--justified">
                <dt>{{ phrase('created') }}</dt>
                <dd>
                    <xf:date time="$blog.blog_creation_date" />
                </dd>
            </dl>
            <dl class="pairs pairs--justified">
                <dt>Entries</dt>
                <dd>{$blogPost.Blog.blog_post_count|number}</dd>
            </dl>
        </div>
    </div>
</xf:sidebar>]]></template>
  <template type="public" title="taylorj_blogs_blog_view.less" version_id="1000034" version_string="1.0.0 Beta 4"><![CDATA[.taylorjUserBlogs-blog-description {
  padding-bottom: 40px;
  //color: @xf-textColorDimmed;
}

.taylorjUserBlogs-block {
  width: 100%;
  display: flex;
  flex-direction: row;
  flex-wrap: nowrap;
  gap: 20px;
}

.taylorjUserBlogs-blog-posts {
  width: 100%;
  //flex-basis: 80%;
  display: flex;
  flex-direction: column;
  gap: 10px;
}

.taylorjUserBlogs-blog-details {
  width: 100%;
  flex-basis: 20%;
  height: 100%;
  background: @xf-contentAltBg;
  border: 1px solid @xf-borderColor;
  border-radius: @xf-borderRadiusMedium;
  display: flex;
  flex-direction: column;
}
.taylorJUserBlogs-details-text {
  display: flex;
  flex-direction: column;
  flex-wrap: wrap;
  padding: @xf-paddingMedium @xf-paddingLarge;
  gap: 5px;
}
.taylorjUserBlogs-blog-details img {
  border-radius: borderRadiusMedium;
}

.taylorjBlogs-blog-view-post-header {
  // display: flex;
  // flex-direction: row;
  // flex-wrap: nowrap;
  font-size: @xf-fontSizeLarge;
}

.taylorjBlogs-blog-actions {
  display: flex;
  flex-direction: row;
  flex-wrap: nowrap;
  gap: 10px;
}]]></template>
  <template type="public" title="taylorj_blogs_index" version_id="1000034" version_string="1.0.0 Beta 4"><![CDATA[<xf:css src="taylorj_blogs_index.less" />

<xf:title>
    Blogs
</xf:title>

<xf:pageaction>
    <xf:button href="{{ link('blogs/add') }}" icon="add" overlay="true" class="button--cta">Create a Blog
    </xf:button>
</xf:pageaction>

<div class="block taylorjBlogs">
    <xf:foreach loop="{$blogs}" key="$blog_id" value="$blog">
        <div class="taylorjBlogs-main">
            <div class="block-container taylorjBlogs">
                <div class="block-body taylorjBlogs">
                    <div class="blog-header-image taylorjBlogs">
                        <xf:if is="$blog.blog_header_image">
                            <img src="{$blog.blog_header_image}" alt="Header Image" />
                            <xf:else />
                            <xf:fa icon="fad fa-book" class="taylorjBlogs-noImage" />
                        </xf:if>
                    </div>
                    <xf:avatar user="$blog.User" size="s" class="avatar taylorjBlogs" />
                    <div class="taylorjBlogs-blog-container">
                        <a href="{{ link('blogs/blog', $blog) }}">
                            <h1>{$blog.blog_title}</h1>
                        </a>
                        <p class="taylorjBlogs-blog-description">{$blog.blog_description}</p>
                    </div>
                </div>
            </div>
        </div>
    </xf:foreach>
</div>]]></template>
  <template type="public" title="taylorj_blogs_index.less" version_id="1000034" version_string="1.0.0 Beta 4"><![CDATA[.taylorjBlogs.block {
  width: 100%;
  display: flex;
  flex-direction: row;
  flex-wrap: wrap;
  //gap: 5px;
  gap: 15px;
}


.taylorjBlogs-main
{
  width: 31%;
  display: flex;
  flex-direction: row;
  flex-flow: wrap;
  justify-content: center;
  margin: 0 auto;
}

.taylorjBlogs.block-container
{
  width: 100%;
  border: 1px solid #cbcbcb;
  margin-bottom: 10px;
  border-top-right-radius: 5px;
  border-top-left-radius: 5px;
}

.taylorjBlogs.block-body
{
  width: 100%;
  justify-content: center;
  display: flex;
  flex-direction: row;
  flex-wrap: wrap;
}

.taylorjBlogs.blog-header-image {
  width: 100%;
  height: 180px;
  text-align: center;
  background: #185886;
  border-top-right-radius: 5px;
  border-top-left-radius: 5px;
  object-fit: cover;

  img {
    position: relative;
    max-height: 180px;
    height: 100%; 
    width: 100%;
    z-index: 1;
    border-top-right-radius: 5px;
    border-top-left-radius: 5px;
  }
}

.taylorjBlogs-blog-container
{
  width: 95%;
  display: flex;
  flex-direction: column;
  flex-wrap: wrap;
  gap: 0;
  padding-bottom: 10px;

  h1 {
    margin: 5px 0 -10px 0;
    font-size: x-large;
  }

  hr
  {
    width: 100%;
    height: 1px;
    border: none;
    background-color: #cbcbcb;
  }

  .taylorjBlogs-blog-description
  {
    margin-bottom: 0;
  }
}

.taylorjBlogs.avatar
{
  margin-top: -24px;
  z-index: 2;
}

.taylorjBlogs-blog-view-main
{
  width: 100%;
  display: flex;
  flex-direction: row;
  gap: 30px;

  .taylorjBlogs-blog-view.block-container
  {
    width: 100%;
  }

  .taylorjBlogs-post-listing
  {
    padding: 10px;
  }

  .taylorjBlogs-blog-details
  {
    width: 30%;
    height: 100%;
    background: #f5f5f5;
    border: 1px solid #d8d8d8;
    display: flex;
    flex-direction: column;
    flex-wrap: wrap;
  }
}



.taylorjBlogs-noImage {
  color: @xf-chromeTextColor;
  font-size: 5rem;
  margin-top: 11%;
}

h1 {
  margin: 10px 0 0;
  font-size: large;
}

]]></template>
</templates>
