{
    "src/addons/TaylorJ/Blogs/addon.json": "ca852e1423105767937a5cdbad0eb0ffc8cd352931678a0261a8b2338a4df446",
    "src/addons/TaylorJ/Blogs/Admin/Controller/Blogs.php": "0d0320007228fdc95e9c0e23d029ed7374e03d53321b5454289df7eef0fcc441",
    "src/addons/TaylorJ/Blogs/Alert/Blog.php": "46534f928123594dc897c9bd4b0e9e1c1e7d8c8e943483dc6b377280e13a968c",
    "src/addons/TaylorJ/Blogs/Alert/BlogPost.php": "20835608ef745f4b9f78c6c65f3078f10b6cc825d09d0a5fb026952ac17a04d2",
    "src/addons/TaylorJ/Blogs/Attachment/BlogPost.php": "886a688710b12b5cdda86c1462e13e820343d6330f45770f5750e977f784d003",
    "src/addons/TaylorJ/Blogs/Cron/BlogPost.php": "56208de2a824541a537f48cd56c1b4b768e59c137538e27cfe48fe44ed4353a4",
    "src/addons/TaylorJ/Blogs/EmbedResolver/BlogPostHandler.php": "53f34cd44b4a155052c2a397d53e4299060f4bb3df814faa67c6a677c09a2e43",
    "src/addons/TaylorJ/Blogs/Entity/Blog.php": "ad9cdb925c062c6029a20c409ca658bded141815033a14bfca879c3a6a76bc80",
    "src/addons/TaylorJ/Blogs/Entity/BlogPost.php": "d122e96ff664f9affae6602b57883f5b4635d5dc471eef903d9cbd543548f693",
    "src/addons/TaylorJ/Blogs/Entity/BlogWatch.php": "17cf4bdaff04fc9bbd6a0e45534efb5841704cf94891f26341cd0911790537db",
    "src/addons/TaylorJ/Blogs/Finder/BlogPost.php": "f1c880b28508735e6923470789a12b79f93e5957ae48a5046549961b898c4238",
    "src/addons/TaylorJ/Blogs/Job/BlogPostThreadCreation.php": "3345f4d6a263232086f2477884c0face9394c52f7de9f9f3ccf415a4eed691c1",
    "src/addons/TaylorJ/Blogs/Job/PostBlogPost.php": "3461eb3b4375621ce25d918b07810ca9952ca6f6e10a7671d05003cccc7ba95a",
    "src/addons/TaylorJ/Blogs/LICENSE.txt": "a406579cd136771c705c521db86ca7d60a6f3de7c9b5460e6193a2df27861bde",
    "src/addons/TaylorJ/Blogs/Listener.php": "7b4461a6b55b22d123c767a9c73895d3ac2d427309d4debba67dd0263b10bc76",
    "src/addons/TaylorJ/Blogs/Notifier/Blog/AbstractWatch.php": "06f36cb76cf05edba6d2f1088f91c4f24b2b22530d3488e8c9f0ed2d4d0cd52a",
    "src/addons/TaylorJ/Blogs/Notifier/Blog/BlogWatch.php": "9158cda2373c5499e31e44ad2c93ef7ba22d29ceb0c26cb03381b6c3299ed37a",
    "src/addons/TaylorJ/Blogs/Option/AbstractOption.php": "ec2ff946f8c8f78290598c8e3883cc65689cfd933ad69f23e82354ec8316c5ef",
    "src/addons/TaylorJ/Blogs/Option/ForumChoiceAction.php": "fd25bf9558a0ee6d7c40d1aefdeaeafd7d6cddf003437fa4260dbe8472dfd044",
    "src/addons/TaylorJ/Blogs/Pub/Controller/Blog.php": "6f59297965f2ac90a3960434987941a521270e93b4f82c813657895d6f487f78",
    "src/addons/TaylorJ/Blogs/Pub/Controller/BlogPost.php": "d0bc0e7a893489aaba4f992c0ba3ac2cbccfdeef9b1eba1251d105803fac0826",
    "src/addons/TaylorJ/Blogs/Pub/Controller/Blogs.php": "64d6f2a8755d367bf5a16e0f6bc3467d4d288cf7b325c1ba9b69ae5cfdc54845",
    "src/addons/TaylorJ/Blogs/Reaction/BlogPost.php": "a7141fccb51e622439d22852ca772e337373088a8a1a4a15327a72ef230a1aba",
    "src/addons/TaylorJ/Blogs/Repository/Blog.php": "6dc58106f6ce426325d1782249333bca4cff74e92129e23c88b4d3ba077a96ad",
    "src/addons/TaylorJ/Blogs/Repository/BlogPost.php": "0343ebd0d738d8194fb4b0d73c292bc4cc28fc0c33a0a262caeccab3e07bb83c",
    "src/addons/TaylorJ/Blogs/Repository/BlogWatch.php": "d01a9259a75cd70e7b62d9bc24d7e9e09436e7c1fd861df03c741245d3aff4b0",
    "src/addons/TaylorJ/Blogs/Search/Data/Blog.php": "1dd6930521330369240c92192bed01542cbbd8b0187d6316a9da6ea5c5d121fc",
    "src/addons/TaylorJ/Blogs/Search/Data/BlogPost.php": "8966b584277da986aca1c8f944ec47a736d9fcadbc3923c969ef9d5f1fc4125b",
    "src/addons/TaylorJ/Blogs/Service/Blog/Notify.php": "92c45d3284c27ad2915fd623ffc4aa847484b482243da2b699ab71334112c2c1",
    "src/addons/TaylorJ/Blogs/Service/BlogPost/Create.php": "89614ec318c367b693af734152b25523e63deb4be1ac8894d500bd78f36a7f56",
    "src/addons/TaylorJ/Blogs/Service/BlogPost/Edit.php": "ab1ed9c0110854669502ee9e8d84ab117c16be2c06bcff403012ae00773780d5",
    "src/addons/TaylorJ/Blogs/Service/BlogPost/ThreadCreator.php": "d7d7daa966bbd65a1def516079afbf1a683668b898923b2dc670d430fa0734e6",
    "src/addons/TaylorJ/Blogs/Setup.php": "bf49246eac81f2ef6b7e6816bf4d8ca6218f1017e4c6f68f1d6f563b28a7f333",
    "src/addons/TaylorJ/Blogs/ThreadType/BlogPost.php": "95430f2846dc35d9adc216f9347f0014068f774c7d158bf5028965d05c18842d",
    "src/addons/TaylorJ/Blogs/Utils.php": "19e498fdb534dabbd790af6e58aef98be87e863ea3774a6dd71c79c2f083bdea",
    "src/addons/TaylorJ/Blogs/Widget/AbstractWidget.php": "d6e4dd48376151f16f497e6411ccca2b62a48fb1da7f415aed1dbb57473588f3",
    "src/addons/TaylorJ/Blogs/Widget/LatestBlogPosts.php": "887cb35c2016d178ad3174ea596f3fd56a8ef6dee27137ff684c8419ed2bcd90",
    "src/addons/TaylorJ/Blogs/XF/Entity/User.php": "5b9bc0e955c1dfbdca38073688a93452fbcebbbf04abdc5743603fdec8c050d5",
    "src/addons/TaylorJ/Blogs/XF/ForumType/Discussion.php": "be3b91c7f34017ddd6262f0b1a516abd3bc310cf1c38d645237751ae96b7d1ad",
    "src/addons/TaylorJ/Blogs/_data/activity_summary_definitions.xml": "99d8c2563a31320d66f958fc8bda78613545f5f7959bb3cf5318805e3a3c39d2",
    "src/addons/TaylorJ/Blogs/_data/admin_navigation.xml": "73734510f8ef0a038b9ebc494fb59597296f3afac090516522d858cb4779ad59",
    "src/addons/TaylorJ/Blogs/_data/admin_permission.xml": "ec6fb97cebf0bceb24f1ed1d5778c1db54eeb7535fbb3e31d824840e7aa9ff87",
    "src/addons/TaylorJ/Blogs/_data/advertising_positions.xml": "d2f7cbe844bb1df3cf878d22ff6306249245c8ff6b0b87b9b729744bec538261",
    "src/addons/TaylorJ/Blogs/_data/api_scopes.xml": "6793eaf758f140e8137187ba20e65f4faccf53410433ae3ad7a8b3b38cb6b3b7",
    "src/addons/TaylorJ/Blogs/_data/bb_codes.xml": "faa4ddd5f4a365e5ac39aebdcbe2d25aedf74e7eb9ea4a812766e2fd5e13bdb1",
    "src/addons/TaylorJ/Blogs/_data/bb_code_media_sites.xml": "29762987990187b33e43cfb68c08dc917b2d3f0176613d78f8e6c453f82da3f3",
    "src/addons/TaylorJ/Blogs/_data/class_extensions.xml": "b684e4288d34b9dcb1e4b39e65d63de6511dc74523cdff426802bd22a5ac164d",
    "src/addons/TaylorJ/Blogs/_data/code_events.xml": "8370dec3df47f91df4cf79da253446ad11b29f4ea568fe76c774e97a0379f0eb",
    "src/addons/TaylorJ/Blogs/_data/code_event_listeners.xml": "2b137b62c100e3b809fc40b814e7531e0859edf145dbe8844a8453b28c48783c",
    "src/addons/TaylorJ/Blogs/_data/content_type_fields.xml": "0add60eb5176a0911e1f123714cd1bf1644d80d957bec3dee9dab95eb6c20bdf",
    "src/addons/TaylorJ/Blogs/_data/cron.xml": "17a72bf5d3b931ec0374303d870a5c460663b9919bef225d16cac981e541aacb",
    "src/addons/TaylorJ/Blogs/_data/help_pages.xml": "a8a0c0b06cdc550438bc8a8d385af3e1e5ab3459877dfb934c1c31be59c89163",
    "src/addons/TaylorJ/Blogs/_data/member_stats.xml": "89fb2b93ff1eca7a1f6f752248edf6090dfd24037db1446fd18ff7143f08124d",
    "src/addons/TaylorJ/Blogs/_data/navigation.xml": "0d4bf742fb8872592a9a2ff98991a8145641bb3fdcb6fea4e4f6c80555d3c92b",
    "src/addons/TaylorJ/Blogs/_data/options.xml": "9f1921ceee2a17d480d83b2d25c8ec4157d5f9b3c62a1be160c733ed1d98ec69",
    "src/addons/TaylorJ/Blogs/_data/option_groups.xml": "89d83582167f6a69cf8efaeed7d04a5b17c3d3435c62bab9f0a25b9c6249fed3",
    "src/addons/TaylorJ/Blogs/_data/permissions.xml": "16ba65c763aafcafaae9ace9686aee36ceff40956b964d2fa7fc005aff784c66",
    "src/addons/TaylorJ/Blogs/_data/permission_interface_groups.xml": "5c7c8c785ba3ceb28fbdf68fba0d35ca9dbcd58044aa9eb068f51f295afca6a6",
    "src/addons/TaylorJ/Blogs/_data/phrases.xml": "ee94190fd15c46c3d936ffcadd883c3d5685cbcb41493702165aeef0d47d5425",
    "src/addons/TaylorJ/Blogs/_data/routes.xml": "d15dc5ebb8398fcab454940313ff9c6ee64a9ed583095d67034c27d4f59d41c9",
    "src/addons/TaylorJ/Blogs/_data/style_properties.xml": "8b8690a8512f01f219dd2da76e3d0c5f62afc1f317b87794a7331c859c36a7a8",
    "src/addons/TaylorJ/Blogs/_data/style_property_groups.xml": "68e1879cb3846c42d978487aa8d5145ff3335fc39e58016878824d5cf3fd684c",
    "src/addons/TaylorJ/Blogs/_data/templates.xml": "ed041b72f0403261b679b18a55d13932fb4f28d454dcf832fb7cc0cd699dad4a",
    "src/addons/TaylorJ/Blogs/_data/template_modifications.xml": "5674b66fe0badd761d96c7102d5ba93cedf6c1f86d623dff6753f598ea029d2e",
    "src/addons/TaylorJ/Blogs/_data/widget_definitions.xml": "8b1c37cb3d7e53851974cd5019e02bfdfe21c7696e48d1204e39418bdb39c456",
    "src/addons/TaylorJ/Blogs/_data/widget_positions.xml": "a29cee66134f6bc5d75ed9df1eef21096c24401915c5b5c774389c3d7bb2d5b3"
}