<?xml version="1.0" encoding="utf-8"?>
<content_type_fields>
  <field content_type="taylorj_blogs_blog" field_name="alert_handler_class">TaylorJ\Blogs\Alert\Blog</field>
  <field content_type="taylorj_blogs_blog" field_name="approval_queue_handler_class">TaylorJ\Blogs\ApprovalQueue\Blog</field>
  <field content_type="taylorj_blogs_blog" field_name="entity">TaylorJ\Blogs:Blog</field>
  <field content_type="taylorj_blogs_blog" field_name="find_new_handler_class">TaylorJ\Blogs\FindNew\BlogPosts</field>
  <field content_type="taylorj_blogs_blog" field_name="search_handler_class">TaylorJ\Blogs\Search\Data\Blog</field>
  <field content_type="taylorj_blogs_blog_post" field_name="alert_handler_class">TaylorJ\Blogs\Alert\BlogPost</field>
  <field content_type="taylorj_blogs_blog_post" field_name="approval_queue_handler_class">TaylorJ\Blogs\ApprovalQueue\BlogPost</field>
  <field content_type="taylorj_blogs_blog_post" field_name="attachment_handler_class">TaylorJ\Blogs\Attachment\BlogPost</field>
  <field content_type="taylorj_blogs_blog_post" field_name="embed_resolver_class">TaylorJ\Blogs\EmbedResolver\BlogPost</field>
  <field content_type="taylorj_blogs_blog_post" field_name="entity">TaylorJ\Blogs:BlogPost</field>
  <field content_type="taylorj_blogs_blog_post" field_name="find_new_handler_class">TaylorJ\Blogs\FindNew\BlogPosts</field>
  <field content_type="taylorj_blogs_blog_post" field_name="reaction_handler_class">TaylorJ\Blogs\Reaction\BlogPost</field>
  <field content_type="taylorj_blogs_blog_post" field_name="report_handler_class">TaylorJ\Blogs\Report\BlogPostHandler</field>
  <field content_type="taylorj_blogs_blog_post" field_name="search_handler_class">TaylorJ\Blogs\Search\Data\BlogPost</field>
  <field content_type="taylorj_blogs_blog_post" field_name="tag_handler_class">TaylorJ\Blogs\Tag\BlogPost</field>
</content_type_fields>
