{
    "src/addons/TaylorJ/Blogs/addon.json": "80ff6819812605bf7e1f9fea4f8aecef08b63430d24e3812a01d70260a54e37d",
    "src/addons/TaylorJ/Blogs/Alert/Blog.php": "46534f928123594dc897c9bd4b0e9e1c1e7d8c8e943483dc6b377280e13a968c",
    "src/addons/TaylorJ/Blogs/Alert/BlogPost.php": "20835608ef745f4b9f78c6c65f3078f10b6cc825d09d0a5fb026952ac17a04d2",
    "src/addons/TaylorJ/Blogs/Attachment/BlogPost.php": "886a688710b12b5cdda86c1462e13e820343d6330f45770f5750e977f784d003",
    "src/addons/TaylorJ/Blogs/Cron/BlogPost.php": "56208de2a824541a537f48cd56c1b4b768e59c137538e27cfe48fe44ed4353a4",
    "src/addons/TaylorJ/Blogs/Entity/Blog.php": "60fe27457778d612a378f9a073128762d0787a5928f121997a2284e29bf0ff7c",
    "src/addons/TaylorJ/Blogs/Entity/BlogPost.php": "e6b0ed1cb9fa8d9b58abc1e8630018ff28cd640884d747be89cc3d5d33d58121",
    "src/addons/TaylorJ/Blogs/Entity/BlogWatch.php": "17cf4bdaff04fc9bbd6a0e45534efb5841704cf94891f26341cd0911790537db",
    "src/addons/TaylorJ/Blogs/Job/PostBlogPost.php": "f0f3f56c7a3d08367e2d634a2385e4cbce6fddee789290e4337e447cc70a7187",
    "src/addons/TaylorJ/Blogs/LICENSE.txt": "a406579cd136771c705c521db86ca7d60a6f3de7c9b5460e6193a2df27861bde",
    "src/addons/TaylorJ/Blogs/Listener.php": "7b4461a6b55b22d123c767a9c73895d3ac2d427309d4debba67dd0263b10bc76",
    "src/addons/TaylorJ/Blogs/Notifier/Blog/AbstractWatch.php": "06f36cb76cf05edba6d2f1088f91c4f24b2b22530d3488e8c9f0ed2d4d0cd52a",
    "src/addons/TaylorJ/Blogs/Notifier/Blog/BlogWatch.php": "9158cda2373c5499e31e44ad2c93ef7ba22d29ceb0c26cb03381b6c3299ed37a",
    "src/addons/TaylorJ/Blogs/Pub/Controller/Blog.php": "3a007fb0ec4fcb3366896c08c3b8b3a47b2fc69633f9481d11f1e5778218e74b",
    "src/addons/TaylorJ/Blogs/Pub/Controller/BlogPost.php": "98bf4438fbfff2fc3076be4afdb2ed9555072516fff9ba19d453c56ee9e55e9d",
    "src/addons/TaylorJ/Blogs/Pub/Controller/Blogs.php": "6b07d415dd2965f4a0faf94e7180f7ccde9e35267b2c5f982c898068535e1374",
    "src/addons/TaylorJ/Blogs/Reaction/BlogPost.php": "498454a3c2de6df31b543b0293be5fad384fc4e0bd87f52e9caaa2c1638b1c26",
    "src/addons/TaylorJ/Blogs/Repository/Blog.php": "6dc58106f6ce426325d1782249333bca4cff74e92129e23c88b4d3ba077a96ad",
    "src/addons/TaylorJ/Blogs/Repository/BlogPost.php": "f6db23849b8c6d329391340df477e9cf1e3e764f4f38199953b0a3a3ae48f0c2",
    "src/addons/TaylorJ/Blogs/Repository/BlogWatch.php": "d01a9259a75cd70e7b62d9bc24d7e9e09436e7c1fd861df03c741245d3aff4b0",
    "src/addons/TaylorJ/Blogs/Search/BlogPost.php": "723ee18a8428fac817009843e6d68ac28656bb048cdd44299779edbd29280498",
    "src/addons/TaylorJ/Blogs/Service/Blog/Notify.php": "92c45d3284c27ad2915fd623ffc4aa847484b482243da2b699ab71334112c2c1",
    "src/addons/TaylorJ/Blogs/Service/BlogPost/Create.php": "8125e857bd41fe0ad01b42edccf50ca9845f1da5e8bd77b795965626ad8de3dd",
    "src/addons/TaylorJ/Blogs/Setup.php": "99f9a6134b73a9f59bc8d1d7608624b0335c47d87151f3231578ff142a3da543",
    "src/addons/TaylorJ/Blogs/Utils.php": "216c9e1c0d2d591802766c5ae23fc4712569e8198b42fbd089dc9f9e5d29ecdd",
    "src/addons/TaylorJ/Blogs/_data/activity_summary_definitions.xml": "99d8c2563a31320d66f958fc8bda78613545f5f7959bb3cf5318805e3a3c39d2",
    "src/addons/TaylorJ/Blogs/_data/admin_navigation.xml": "064ec797484ac00d5ee37367b50b06846d11f480d00550997712707f8fdac8c0",
    "src/addons/TaylorJ/Blogs/_data/admin_permission.xml": "ec6fb97cebf0bceb24f1ed1d5778c1db54eeb7535fbb3e31d824840e7aa9ff87",
    "src/addons/TaylorJ/Blogs/_data/advertising_positions.xml": "d2f7cbe844bb1df3cf878d22ff6306249245c8ff6b0b87b9b729744bec538261",
    "src/addons/TaylorJ/Blogs/_data/api_scopes.xml": "6793eaf758f140e8137187ba20e65f4faccf53410433ae3ad7a8b3b38cb6b3b7",
    "src/addons/TaylorJ/Blogs/_data/bb_codes.xml": "faa4ddd5f4a365e5ac39aebdcbe2d25aedf74e7eb9ea4a812766e2fd5e13bdb1",
    "src/addons/TaylorJ/Blogs/_data/bb_code_media_sites.xml": "29762987990187b33e43cfb68c08dc917b2d3f0176613d78f8e6c453f82da3f3",
    "src/addons/TaylorJ/Blogs/_data/class_extensions.xml": "1f548b8006e9952a3f5889f71e09fdfa6726ac1a47c1af7b2626d1a88920d5a4",
    "src/addons/TaylorJ/Blogs/_data/code_events.xml": "8370dec3df47f91df4cf79da253446ad11b29f4ea568fe76c774e97a0379f0eb",
    "src/addons/TaylorJ/Blogs/_data/code_event_listeners.xml": "2b137b62c100e3b809fc40b814e7531e0859edf145dbe8844a8453b28c48783c",
    "src/addons/TaylorJ/Blogs/_data/content_type_fields.xml": "e9ca72c0455e3bd5db15b7b4096cb8501de9f44ed2c3cc31b28273c3c60addfe",
    "src/addons/TaylorJ/Blogs/_data/cron.xml": "17a72bf5d3b931ec0374303d870a5c460663b9919bef225d16cac981e541aacb",
    "src/addons/TaylorJ/Blogs/_data/help_pages.xml": "a8a0c0b06cdc550438bc8a8d385af3e1e5ab3459877dfb934c1c31be59c89163",
    "src/addons/TaylorJ/Blogs/_data/member_stats.xml": "89fb2b93ff1eca7a1f6f752248edf6090dfd24037db1446fd18ff7143f08124d",
    "src/addons/TaylorJ/Blogs/_data/navigation.xml": "1cdbc4c0ce622258da4ace78cb85d67331b513b14e73dd4631baec0413077f5e",
    "src/addons/TaylorJ/Blogs/_data/options.xml": "e816fce4c7b53be3017e857f69bcacab2d58a6c78d71b93e80641efb164983ac",
    "src/addons/TaylorJ/Blogs/_data/option_groups.xml": "89d83582167f6a69cf8efaeed7d04a5b17c3d3435c62bab9f0a25b9c6249fed3",
    "src/addons/TaylorJ/Blogs/_data/permissions.xml": "b48a449f542fad532a2e67f0e5bb74f31977c1f3c204d59db319d7241db87f70",
    "src/addons/TaylorJ/Blogs/_data/permission_interface_groups.xml": "5c7c8c785ba3ceb28fbdf68fba0d35ca9dbcd58044aa9eb068f51f295afca6a6",
    "src/addons/TaylorJ/Blogs/_data/phrases.xml": "ede01135938ce53b5d86fb061820ac1e0e7451805858da02bbe57f0ffe3f147c",
    "src/addons/TaylorJ/Blogs/_data/routes.xml": "77939127b9436971f5342b041d38fe44892a811624f8031d41b22d40911183f4",
    "src/addons/TaylorJ/Blogs/_data/style_properties.xml": "8b8690a8512f01f219dd2da76e3d0c5f62afc1f317b87794a7331c859c36a7a8",
    "src/addons/TaylorJ/Blogs/_data/style_property_groups.xml": "68e1879cb3846c42d978487aa8d5145ff3335fc39e58016878824d5cf3fd684c",
    "src/addons/TaylorJ/Blogs/_data/templates.xml": "b69e8a4714610c7fe947421cb163eb649774c6322e994afc7f2ffc88b5f5dbef",
    "src/addons/TaylorJ/Blogs/_data/template_modifications.xml": "3b54b7df00a6a4a18c5e012b6e2588e35c23aaa13a5fc227f08646a97590d778",
    "src/addons/TaylorJ/Blogs/_data/widget_definitions.xml": "37e46965256430f24004c2e7f08ba08f9b0d1cbcc4d70e84b3f4e3ffb713e64b",
    "src/addons/TaylorJ/Blogs/_data/widget_positions.xml": "a29cee66134f6bc5d75ed9df1eef21096c24401915c5b5c774389c3d7bb2d5b3"
}